person_id,Sex,past_login_total,past_1_month_login,past_1_week_login,sub_size,email_type,phone_rat,apple_rat,login
0,0,3.0,1.0,1.0,0.0,0,0.0,0.0,1
1,1,111.0,26.0,7.0,2.0,0,0.072072072072072,0.0,1
3,1,13.0,13.0,11.0,7.0,0,0.0769230769230769,1.0,1
4,1,28.0,12.0,5.0,0.0,0,0.0714285714285714,0.0714285714285714,1
5,1,4.0,4.0,4.0,0.0,2,0.0,0.0,1
6,1,4.0,3.0,2.0,0.0,0,0.0,0.0,1
7,1,2.0,2.0,1.0,0.0,0,0.0,1.0,1
8,1,0.0,0.0,0.0,0.0,0,0.0,0.0,1
9,1,7.0,6.0,6.0,0.0,1,0.0,0.5714285714285714,1
10,1,7.0,2.0,2.0,0.0,0,0.0,0.0,1
11,0,1.0,1.0,1.0,0.0,1,0.0,0.0,0
12,1,2.0,2.0,1.0,0.0,1,0.5,0.0,1
14,0,2.0,2.0,2.0,0.0,0,0.0,1.0,0
16,0,8.0,8.0,8.0,0.0,0,0.0,0.0,1
17,0,1.0,1.0,1.0,0.0,0,0.0,0.0,0
18,0,6.0,6.0,6.0,2.0,1,0.0,0.0,1
19,1,6.0,6.0,4.0,1.0,0,0.1666666666666666,0.0,1
21,1,11.0,2.0,1.0,0.0,0,0.0,0.0,1
23,1,9.0,9.0,9.0,3.0,0,0.1111111111111111,0.1111111111111111,1
25,0,10.0,5.0,5.0,9.0,1,0.0,0.5,1
27,1,10.0,4.0,4.0,3.0,1,0.1,0.4,0
28,1,18.0,6.0,6.0,28.0,4,0.0555555555555555,0.0,1
29,1,88.0,3.0,3.0,2.0,3,0.0113636363636363,0.9886363636363636,1
32,1,1.0,1.0,1.0,0.0,0,0.0,0.0,1
34,1,3.0,3.0,3.0,0.0,1,0.0,0.0,0
35,0,15.0,3.0,1.0,2.0,1,0.0,0.2,0
36,0,1.0,1.0,1.0,0.0,0,0.0,0.0,1
37,0,53.0,27.0,23.0,45.0,0,0.2264150943396226,0.0,1
38,1,1.0,1.0,1.0,0.0,0,0.0,1.0,0
39,1,6.0,6.0,6.0,0.0,0,0.6666666666666666,0.0,1
41,0,0.0,0.0,0.0,163.0,0,0.0,0.0,1
43,1,1.0,1.0,1.0,0.0,2,0.0,1.0,0
47,0,4.0,4.0,4.0,0.0,0,0.25,0.25,1
48,1,38.0,5.0,5.0,0.0,0,0.5526315789473685,1.0,1
49,1,236.0,93.0,17.0,17.0,0,0.1949152542372881,0.0,1
51,0,7.0,3.0,2.0,0.0,0,0.0,0.0,1
53,1,117.0,17.0,5.0,9.0,0,0.0341880341880341,0.0,1
54,1,4.0,4.0,4.0,0.0,1,0.0,0.0,0
55,0,1.0,1.0,1.0,0.0,0,0.0,0.0,0
56,1,8.0,1.0,1.0,0.0,0,0.0,0.0,0
58,1,15.0,5.0,2.0,2.0,0,0.0,0.1333333333333333,1
61,0,2.0,2.0,2.0,0.0,0,0.0,0.0,0
62,0,11.0,11.0,11.0,11.0,0,0.0,0.0,1
63,0,10.0,2.0,2.0,0.0,2,0.0,0.0,1
65,0,2.0,2.0,2.0,0.0,3,0.0,0.0,0
67,0,3.0,3.0,3.0,0.0,0,0.3333333333333333,0.0,1
69,1,1.0,1.0,1.0,0.0,0,0.0,0.0,0
75,1,139.0,5.0,5.0,17.0,0,0.079136690647482,0.0,1
76,0,45.0,1.0,1.0,149.0,0,0.0,0.0,1
78,1,40.0,21.0,3.0,9.0,0,0.35,0.0,1
80,1,1.0,1.0,1.0,0.0,0,0.0,0.0,1
81,1,39.0,11.0,4.0,1.0,0,0.0,0.0,1
82,1,1.0,1.0,1.0,0.0,0,0.0,0.0,1
83,0,6.0,6.0,2.0,1.0,1,0.0,0.5,1
84,0,10.0,6.0,4.0,2.0,0,0.0,0.4,1
85,0,5.0,5.0,5.0,2.0,0,0.0,0.0,0
86,0,2.0,2.0,2.0,0.0,0,0.0,1.0,0
87,0,28.0,8.0,1.0,1.0,0,0.0,0.0,1
88,0,62.0,4.0,1.0,34.0,0,0.0,0.0,1
89,0,19.0,9.0,8.0,0.0,1,0.4736842105263158,0.4736842105263158,1
90,1,1.0,1.0,1.0,0.0,0,0.0,0.0,1
91,0,7.0,3.0,2.0,0.0,0,0.0,0.0,1
93,0,0.0,0.0,0.0,0.0,0,0.0,0.0,0
94,1,1.0,1.0,1.0,0.0,0,0.0,1.0,0
95,1,1.0,1.0,1.0,0.0,0,0.0,1.0,0
96,0,3.0,2.0,1.0,0.0,0,0.3333333333333333,0.0,0
98,0,4.0,4.0,3.0,0.0,0,0.0,1.0,1
99,0,132.0,12.0,3.0,166.0,2,0.0,0.0,0
103,1,1.0,1.0,1.0,0.0,1,1.0,0.0,0
104,0,2.0,2.0,2.0,0.0,1,0.0,0.0,0
105,0,76.0,9.0,6.0,33.0,0,0.0394736842105263,0.0,1
107,1,2.0,2.0,2.0,0.0,2,0.0,0.0,0
109,1,5.0,2.0,1.0,0.0,0,0.2,0.2,0
111,0,0.0,0.0,0.0,0.0,0,0.0,0.0,0
113,0,1.0,1.0,1.0,0.0,2,0.0,0.0,1
114,0,1.0,1.0,1.0,0.0,0,1.0,1.0,0
115,1,134.0,29.0,7.0,3.0,2,0.1716417910447761,0.0746268656716417,1
117,1,0.0,0.0,0.0,0.0,0,0.0,0.0,0
118,0,27.0,5.0,1.0,10.0,0,0.1481481481481481,1.0,1
119,0,88.0,7.0,2.0,30.0,0,0.0113636363636363,0.0,1
120,0,6.0,6.0,1.0,0.0,1,0.0,0.0,1
123,0,2.0,2.0,1.0,0.0,0,0.0,0.0,0
126,0,77.0,3.0,2.0,80.0,0,0.1298701298701298,0.0,1
127,1,1.0,1.0,1.0,0.0,0,0.0,0.0,0
128,0,1.0,1.0,1.0,0.0,1,0.0,0.0,0
130,0,1.0,1.0,1.0,0.0,0,0.0,0.0,0
131,0,0.0,0.0,0.0,0.0,0,0.0,0.0,0
132,1,1.0,1.0,1.0,0.0,0,0.0,0.0,0
133,0,29.0,6.0,2.0,0.0,2,0.2758620689655172,0.0,1
134,0,1.0,1.0,1.0,0.0,0,0.0,0.0,0
138,1,1.0,1.0,1.0,0.0,0,0.0,0.0,0
139,0,34.0,2.0,1.0,6.0,0,0.1176470588235294,0.1176470588235294,1
140,0,1.0,1.0,1.0,0.0,0,0.0,0.0,0
141,1,4.0,4.0,4.0,0.0,0,0.0,0.0,1
143,0,1.0,1.0,1.0,0.0,0,0.0,0.0,0
144,0,1.0,1.0,1.0,0.0,1,0.0,0.0,0
145,0,9.0,1.0,1.0,0.0,0,0.0,0.0,0
146,1,4.0,3.0,3.0,0.0,0,0.75,0.0,1
147,0,2.0,2.0,2.0,0.0,0,0.0,0.0,0
148,0,1.0,1.0,1.0,0.0,0,0.0,1.0,0
150,0,3.0,1.0,1.0,0.0,0,0.0,0.0,1
151,1,1.0,1.0,1.0,0.0,2,0.0,0.0,1
152,1,2.0,2.0,2.0,0.0,0,0.0,0.0,1
153,0,1.0,1.0,1.0,0.0,0,0.0,0.0,0
154,0,2.0,2.0,1.0,0.0,3,0.0,1.0,0
155,1,31.0,6.0,1.0,1.0,0,0.032258064516129,0.032258064516129,0
156,1,25.0,6.0,5.0,1.0,0,0.0,0.0,1
157,0,1.0,1.0,1.0,0.0,0,0.0,1.0,0
158,0,15.0,6.0,1.0,4.0,1,0.0,0.0,0
160,0,1.0,1.0,1.0,0.0,0,0.0,0.0,0
161,1,33.0,2.0,1.0,0.0,1,0.0909090909090909,0.0909090909090909,1
162,1,8.0,1.0,1.0,0.0,1,0.0,0.125,0
165,1,26.0,12.0,1.0,0.0,0,0.0,0.0,1
166,0,0.0,0.0,0.0,0.0,0,1.0,0.0,0
167,0,2.0,2.0,1.0,0.0,0,0.0,0.0,1
170,0,3.0,1.0,1.0,1.0,3,0.0,0.0,0
172,0,3.0,3.0,3.0,0.0,0,0.0,0.0,1
173,0,3.0,1.0,1.0,0.0,0,0.0,1.0,0
175,1,2.0,2.0,2.0,0.0,0,0.5,0.0,0
177,0,2.0,2.0,2.0,0.0,0,0.0,0.0,1
178,0,1.0,1.0,1.0,0.0,0,0.0,0.0,0
179,1,0.0,0.0,0.0,0.0,0,0.0,0.0,0
180,0,37.0,2.0,1.0,3.0,0,0.0,0.0,0
181,0,0.0,0.0,0.0,0.0,1,0.0,0.8888888888888888,0
182,1,1.0,1.0,1.0,0.0,1,0.0,0.0,0
184,0,1.0,1.0,1.0,0.0,4,0.0,0.0,1
187,1,3.0,2.0,2.0,0.0,0,0.0,0.0,0
190,0,3.0,3.0,2.0,0.0,4,0.3333333333333333,1.0,0
191,1,3.0,1.0,1.0,0.0,0,0.0,0.0,0
192,1,58.0,5.0,1.0,0.0,1,0.1379310344827586,0.0,1
194,1,3.0,3.0,1.0,0.0,0,1.0,0.0,0
196,1,1.0,1.0,1.0,0.0,1,0.0,0.0,0
198,1,1.0,1.0,1.0,0.0,1,1.0,0.0,0
201,1,0.0,0.0,0.0,0.0,1,0.5,0.5,1
202,1,1.0,1.0,0.0,0.0,1,0.0,0.0,1
203,1,1.0,1.0,0.0,0.0,0,0.0,1.0,1
205,0,2.0,2.0,0.0,0.0,0,0.0,1.0,0
207,0,1.0,1.0,0.0,0.0,0,1.0,0.0,0
208,0,1.0,1.0,0.0,0.0,1,1.0,0.0,0
214,0,1.0,1.0,0.0,0.0,0,1.0,1.0,1
215,1,1.0,1.0,0.0,0.0,0,0.0,1.0,0
216,0,0.0,0.0,0.0,0.0,1,0.0,0.0,0
217,0,16.0,5.0,0.0,1.0,0,0.0,0.5,0
218,0,2.0,1.0,0.0,0.0,1,0.0,0.0,0
220,0,2.0,1.0,0.0,0.0,1,0.5,1.0,0
222,1,1.0,1.0,0.0,0.0,0,1.0,0.0,0
224,1,21.0,3.0,0.0,2.0,0,0.0,1.0,1
225,0,8.0,2.0,0.0,0.0,0,0.5,0.0,0
226,0,0.0,0.0,0.0,0.0,0,0.0,0.0,0
228,0,4.0,3.0,0.0,0.0,0,0.0,0.0,0
229,1,2.0,1.0,0.0,0.0,0,0.5,0.5,0
230,1,1.0,1.0,0.0,0.0,1,0.0,1.0,0
233,0,1.0,1.0,0.0,0.0,0,1.0,0.0,0
235,0,2.0,1.0,0.0,0.0,1,0.0,0.0,0
236,1,0.0,0.0,0.0,0.0,2,0.0,0.0,0
239,1,1.0,1.0,0.0,0.0,0,1.0,1.0,0
242,1,1.0,1.0,0.0,0.0,0,0.0,0.0,0
243,1,3.0,1.0,0.0,0.0,0,0.0,0.0,1
244,0,2.0,1.0,0.0,0.0,0,0.0,0.0,0
246,0,11.0,3.0,0.0,2.0,1,0.1818181818181818,0.0,1
247,1,1.0,1.0,0.0,0.0,4,0.0,0.0,0
249,1,0.0,0.0,0.0,0.0,0,0.0,0.0,0
250,0,1.0,1.0,0.0,0.0,0,0.0,0.0,0
253,1,16.0,10.0,0.0,3.0,0,0.0,0.0,1
254,1,1.0,1.0,0.0,0.0,1,0.0,0.0,0
256,1,1.0,1.0,0.0,0.0,0,0.0,0.0,1
258,1,23.0,7.0,0.0,4.0,0,0.3043478260869565,0.0,1
259,1,20.0,1.0,0.0,0.0,0,0.0,0.0,0
261,0,1.0,1.0,0.0,0.0,0,0.0,0.0,0
263,0,4.0,1.0,0.0,0.0,0,0.0,0.0,0
264,1,22.0,2.0,0.0,21.0,1,0.0,0.0,1
265,1,27.0,8.0,0.0,1.0,2,0.3703703703703704,0.0,0
268,1,7.0,6.0,0.0,0.0,0,0.0,0.0,1
269,0,2.0,1.0,0.0,0.0,0,0.0,0.0,0
270,1,2.0,1.0,0.0,0.0,0,0.0,1.0,0
277,0,1.0,1.0,0.0,0.0,0,1.0,1.0,0
279,0,28.0,11.0,0.0,12.0,1,0.7857142857142857,0.0,1
280,0,60.0,18.0,0.0,0.0,3,0.9666666666666668,0.9666666666666668,1
281,0,2.0,2.0,0.0,0.0,0,0.5,0.0,0
284,0,2.0,2.0,0.0,0.0,1,0.0,0.5,1
285,1,4.0,1.0,0.0,0.0,0,0.0,0.25,1
286,1,7.0,1.0,0.0,0.0,0,0.0,0.0,1
288,0,0.0,0.0,0.0,0.0,0,0.1276595744680851,0.1276595744680851,0
289,0,16.0,4.0,0.0,0.0,0,0.0,0.0625,0
294,1,10.0,2.0,0.0,1.0,0,0.0,0.0,0
296,0,15.0,3.0,0.0,2.0,1,0.0,0.0,0
302,1,1.0,1.0,0.0,0.0,0,0.0,0.0,0
303,1,1.0,1.0,0.0,0.0,0,0.0,0.0,0
305,1,0.0,0.0,0.0,1.0,0,0.4736842105263158,0.9473684210526316,0
313,1,1.0,1.0,0.0,0.0,1,0.0,0.0,0
314,1,2.0,2.0,0.0,0.0,1,0.0,0.0,0
315,0,2.0,2.0,0.0,0.0,0,0.0,0.0,0
318,0,25.0,4.0,0.0,6.0,0,0.0,0.0,0
320,1,4.0,1.0,0.0,0.0,0,0.0,0.0,1
321,0,14.0,1.0,0.0,0.0,0,0.0,0.0,0
324,0,35.0,5.0,0.0,2.0,1,0.0571428571428571,0.0,0
326,1,65.0,1.0,0.0,12.0,0,0.0923076923076923,0.0,0
327,0,16.0,1.0,0.0,0.0,1,0.0625,0.0,0
328,1,19.0,2.0,0.0,4.0,0,0.0,0.0,0
329,0,2.0,1.0,0.0,0.0,0,0.0,0.0,0
330,0,1.0,1.0,0.0,0.0,0,0.0,0.0,1
331,0,5.0,3.0,0.0,0.0,0,0.0,0.0,0
334,1,1.0,1.0,0.0,0.0,0,1.0,0.0,0
336,1,1.0,1.0,0.0,358.0,2,0.0,1.0,1
337,1,1.0,1.0,0.0,0.0,0,0.0,1.0,1
338,1,18.0,1.0,0.0,9.0,0,0.0,0.0,0
339,1,6.0,1.0,0.0,0.0,0,0.0,0.0,0
341,1,1.0,1.0,0.0,0.0,0,0.0,1.0,0
342,1,5.0,1.0,0.0,0.0,3,0.0,0.0,0
346,1,1.0,1.0,0.0,0.0,0,0.0,1.0,1
347,1,18.0,1.0,0.0,1.0,0,0.0,0.0,0
348,0,1.0,1.0,0.0,0.0,2,0.0,0.0,0
349,0,1.0,0.0,0.0,0.0,0,0.0,1.0,0
350,0,1.0,0.0,0.0,0.0,0,0.0,0.0,0
356,0,3.0,0.0,0.0,0.0,0,0.6666666666666666,0.0,0
357,1,9.0,0.0,0.0,0.0,4,0.0,0.0,0
358,0,0.0,0.0,0.0,4.0,0,0.2727272727272727,0.0,0
360,0,16.0,0.0,0.0,1.0,0,0.0,0.0,0
361,0,2.0,0.0,0.0,0.0,1,0.0,0.0,0
363,1,1.0,0.0,0.0,0.0,0,0.0,0.0,1
365,1,22.0,0.0,0.0,12.0,0,0.0,0.0,0
370,1,1.0,0.0,0.0,0.0,0,0.0,0.0,0
371,0,2.0,0.0,0.0,0.0,0,0.0,0.0,0
373,1,1.0,0.0,0.0,0.0,0,0.0,0.0,0
374,1,24.0,0.0,0.0,6.0,1,0.0,1.0,1
376,1,14.0,0.0,0.0,0.0,0,0.0714285714285714,0.0714285714285714,0
379,1,0.0,0.0,0.0,1.0,0,0.0,0.0,0
380,0,1.0,0.0,0.0,0.0,0,0.0,0.0,0
381,0,1.0,0.0,0.0,0.0,2,0.0,0.0,1
385,1,9.0,0.0,0.0,2.0,1,0.0,0.0,1
386,1,1.0,0.0,0.0,0.0,0,0.0,0.0,0
387,0,2.0,0.0,0.0,0.0,0,0.0,1.0,0
389,0,0.0,0.0,0.0,1.0,0,0.6,0.6,0
390,1,0.0,0.0,0.0,0.0,0,1.0,0.0,0
391,0,81.0,0.0,0.0,99.0,0,0.0,0.0,0
392,0,10.0,0.0,0.0,3.0,0,1.0,0.0,0
393,0,4.0,0.0,0.0,1.0,0,0.0,0.5,0
396,0,16.0,0.0,0.0,2.0,0,0.0,0.0,0
397,0,1.0,0.0,0.0,0.0,4,0.0,1.0,0
398,0,8.0,0.0,0.0,0.0,1,0.0,0.0,0
400,0,1.0,0.0,0.0,0.0,0,0.0,0.0,0
401,1,9.0,0.0,0.0,0.0,1,0.0,0.0,0
402,0,1.0,0.0,0.0,0.0,1,0.0,0.0,0
403,0,5.0,0.0,0.0,0.0,0,0.2,0.0,0
404,1,74.0,0.0,0.0,16.0,0,0.1486486486486486,0.1486486486486486,1
405,0,1.0,0.0,0.0,0.0,0,0.0,0.0,0
408,1,1.0,0.0,0.0,0.0,0,0.0,1.0,0
413,0,5.0,0.0,0.0,0.0,0,0.0,0.0,0
418,1,5.0,0.0,0.0,0.0,0,0.0,0.0,0
419,0,1.0,0.0,0.0,0.0,1,0.0,0.0,0
420,0,3.0,0.0,0.0,0.0,0,0.0,1.0,0
422,0,9.0,0.0,0.0,5.0,0,0.1111111111111111,0.1111111111111111,0
424,0,1.0,0.0,0.0,6.0,0,0.0,1.0,0
425,1,0.0,0.0,0.0,0.0,0,0.0,0.0,0
429,0,1.0,0.0,0.0,0.0,1,0.0,0.0,0
432,1,112.0,0.0,0.0,91.0,0,0.125,0.0,0
435,1,5.0,0.0,0.0,0.0,0,0.4,0.0,0
438,0,1.0,0.0,0.0,0.0,0,0.0,0.0,0
442,0,5.0,0.0,0.0,0.0,1,0.0,0.4,0
443,0,2.0,0.0,0.0,0.0,0,0.0,0.0,0
444,1,11.0,0.0,0.0,3.0,0,0.0909090909090909,0.0909090909090909,0
445,0,4.0,0.0,0.0,0.0,0,0.0,0.0,0
447,1,1.0,0.0,0.0,0.0,0,1.0,0.0,0
449,1,4.0,0.0,0.0,0.0,1,0.0,0.0,0
450,1,503.0,0.0,0.0,0.0,2,0.099403578528827,0.1292246520874751,1
452,1,7.0,0.0,0.0,0.0,1,0.1428571428571428,0.0,0
453,0,8.0,0.0,0.0,0.0,0,0.25,0.625,1
455,1,32.0,0.0,0.0,10.0,0,0.1875,0.0,1
456,0,1.0,0.0,0.0,0.0,0,0.0,0.0,0
457,1,1.0,0.0,0.0,0.0,0,0.0,0.0,0
458,0,2.0,0.0,0.0,0.0,1,0.5,1.0,0
460,0,1.0,0.0,0.0,0.0,0,0.0,0.0,1
461,0,16.0,0.0,0.0,5.0,0,0.0,0.0,0
464,1,1.0,0.0,0.0,0.0,0,1.0,0.0,0
467,1,1.0,0.0,0.0,1.0,2,0.0,0.0,0
468,1,0.0,0.0,0.0,1.0,2,0.0,0.0,0
469,1,1.0,0.0,0.0,1.0,2,0.0,0.0,0
470,0,1.0,0.0,0.0,1.0,2,0.0,0.0,0
471,1,0.0,0.0,0.0,1.0,2,0.0,0.0,0
473,0,0.0,0.0,0.0,1.0,2,0.0,0.0,0
474,0,1.0,0.0,0.0,1.0,2,0.0,0.0,0
475,0,1.0,0.0,0.0,1.0,2,0.0,0.0,0
476,0,1.0,0.0,0.0,1.0,2,0.0,0.0,0
477,1,4.0,0.0,0.0,0.0,0,0.0,0.0,0
478,1,1.0,0.0,0.0,3.0,2,0.0,0.0,0
485,1,1.0,0.0,0.0,1.0,2,0.0,0.0,0
488,1,2.0,0.0,0.0,0.0,0,0.0,1.0,0
489,0,0.0,0.0,0.0,4.0,0,0.0,0.0,0
490,1,28.0,0.0,0.0,5.0,0,0.1785714285714285,0.0,0
491,1,1.0,0.0,0.0,0.0,0,0.0,0.0,0
492,1,1.0,0.0,0.0,0.0,0,0.0,0.0,0
493,0,11.0,0.0,0.0,0.0,1,0.0,0.0,0
497,0,10.0,0.0,0.0,0.0,0,0.0,0.0,0
499,1,0.0,0.0,0.0,0.0,0,0.0,0.0,1
500,0,0.0,0.0,0.0,0.0,1,0.0,0.0,1
501,1,2.0,0.0,0.0,0.0,0,0.0,0.0,0
502,0,1.0,0.0,0.0,0.0,0,0.0,0.0,0
503,1,1.0,0.0,0.0,0.0,0,1.0,0.0,1
504,0,3.0,0.0,0.0,3.0,1,0.0,0.0,0
505,0,1.0,0.0,0.0,0.0,0,0.0,0.0,0
510,0,5.0,0.0,0.0,0.0,0,0.0,1.0,0
511,0,1.0,0.0,0.0,0.0,0,0.0,0.0,0
512,1,1.0,0.0,0.0,0.0,0,0.0,0.0,0
513,0,1.0,0.0,0.0,0.0,1,0.0,0.0,0
514,1,1.0,0.0,0.0,0.0,2,0.0,0.0,0
516,1,0.0,0.0,0.0,0.0,0,0.0,0.0,0
517,0,8.0,0.0,0.0,0.0,0,0.0,0.125,0
518,1,2.0,0.0,0.0,0.0,1,0.5,0.5,0
522,0,1.0,0.0,0.0,0.0,0,0.0,0.0,1
523,1,1.0,0.0,0.0,0.0,1,1.0,0.0,0
524,1,0.0,0.0,0.0,0.0,0,0.0,0.0,1
525,0,1.0,0.0,0.0,0.0,0,0.0,0.0,0
526,1,0.0,0.0,0.0,0.0,0,0.0,0.0,0
532,0,17.0,0.0,0.0,0.0,0,0.0,0.0,0
534,0,10.0,0.0,0.0,13.0,2,0.0,1.0,0
537,1,20.0,0.0,0.0,1.0,0,0.0,0.0,0
538,1,1.0,0.0,0.0,0.0,0,0.0,0.0,0
540,1,1.0,0.0,0.0,0.0,0,0.0,1.0,0
541,0,1.0,0.0,0.0,0.0,0,0.0,0.0,0
542,1,2.0,0.0,0.0,0.0,0,0.0,0.0,0
543,1,0.0,0.0,0.0,0.0,1,0.0625,0.0,0
546,0,4.0,0.0,0.0,0.0,0,0.0,0.0,0
547,0,0.0,0.0,0.0,0.0,1,0.0,0.0,0
548,1,1.0,0.0,0.0,0.0,1,0.0,0.0,0
550,1,3.0,0.0,0.0,0.0,0,0.0,1.0,0
551,0,28.0,0.0,0.0,34.0,0,0.0,1.0,0
554,1,3.0,0.0,0.0,0.0,1,0.0,1.0,0
559,1,1.0,0.0,0.0,0.0,1,0.0,0.0,0
560,0,17.0,0.0,0.0,0.0,0,0.0,0.0,0
561,0,6.0,0.0,0.0,0.0,0,0.0,0.0,0
563,0,1.0,0.0,0.0,0.0,0,0.0,0.0,0
564,0,1.0,0.0,0.0,0.0,0,0.0,0.0,0
566,1,0.0,0.0,0.0,0.0,0,0.2307692307692308,1.0,1
567,1,1.0,0.0,0.0,0.0,0,0.0,0.0,0
569,0,5.0,0.0,0.0,0.0,0,0.4,0.0,0
570,1,0.0,0.0,0.0,0.0,2,0.0,0.0,0
574,1,2.0,0.0,0.0,0.0,0,0.0,0.0,0
575,1,1.0,0.0,0.0,0.0,1,0.0,1.0,0
578,1,18.0,0.0,0.0,1.0,0,0.0,0.0,0
579,1,1.0,0.0,0.0,0.0,0,0.0,1.0,0
581,0,30.0,0.0,0.0,8.0,0,0.0333333333333333,0.6666666666666666,0
587,1,0.0,0.0,0.0,23.0,0,0.0,0.0,0
588,0,4.0,0.0,0.0,0.0,1,0.0,0.0,0
590,0,7.0,0.0,0.0,0.0,0,0.0,0.0,0
595,0,2.0,0.0,0.0,0.0,0,0.0,0.0,0
596,1,2.0,0.0,0.0,0.0,0,0.0,1.0,0
598,0,1.0,0.0,0.0,0.0,1,0.0,0.0,0
601,1,2.0,0.0,0.0,0.0,0,0.0,0.0,0
604,0,25.0,0.0,0.0,46.0,0,0.0,0.92,0
605,0,6.0,0.0,0.0,0.0,4,0.1666666666666666,0.0,0
607,0,38.0,0.0,0.0,0.0,4,0.131578947368421,0.131578947368421,1
609,0,1.0,0.0,0.0,0.0,0,0.0,0.0,0
613,0,3.0,0.0,0.0,0.0,0,0.0,0.0,0
616,0,4.0,0.0,0.0,0.0,1,0.0,0.0,0
617,0,1.0,0.0,0.0,0.0,0,0.0,0.0,0
623,1,86.0,0.0,0.0,32.0,3,0.2093023255813953,0.0,1
624,0,1.0,0.0,0.0,0.0,0,0.0,1.0,0
625,1,0.0,0.0,0.0,0.0,0,0.0,0.0,0
626,1,1.0,0.0,0.0,0.0,0,0.0,0.0,0
627,0,3.0,0.0,0.0,0.0,0,0.0,1.0,0
628,0,44.0,0.0,0.0,22.0,0,0.0,0.0,0
630,1,5.0,0.0,0.0,0.0,0,0.0,1.0,0
634,0,0.0,0.0,0.0,0.0,0,0.0,0.0,1
636,0,5.0,0.0,0.0,0.0,1,0.0,0.0,0
639,0,15.0,0.0,0.0,1.0,1,0.0,0.8666666666666667,0
640,1,0.0,0.0,0.0,0.0,0,0.0,0.0,0
641,1,1.0,0.0,0.0,0.0,0,0.0,1.0,0
642,1,1.0,0.0,0.0,0.0,1,0.0,0.0,0
643,1,50.0,0.0,0.0,18.0,1,0.0,0.0,0
644,0,5.0,0.0,0.0,0.0,0,0.0,0.0,0
645,1,2.0,0.0,0.0,0.0,1,0.0,0.0,0
646,0,3.0,0.0,0.0,0.0,1,0.0,0.0,0
647,1,0.0,0.0,0.0,0.0,0,0.0,0.0,0
649,0,1.0,0.0,0.0,0.0,0,0.0,0.0,0
653,1,53.0,0.0,0.0,20.0,0,0.0,0.9056603773584906,0
654,0,0.0,0.0,0.0,0.0,0,0.0,1.0,0
656,1,1.0,0.0,0.0,0.0,2,0.0,0.0,0
657,1,26.0,0.0,0.0,23.0,0,0.0769230769230769,0.0769230769230769,0
658,0,35.0,0.0,0.0,15.0,1,0.0,0.0,1
659,0,2.0,0.0,0.0,0.0,0,0.0,0.0,0
660,0,0.0,0.0,0.0,0.0,0,0.0,0.0,0
661,0,1.0,0.0,0.0,0.0,1,0.0,0.0,0
662,0,2.0,0.0,0.0,0.0,0,0.0,0.0,0
663,0,3.0,0.0,0.0,0.0,1,0.0,0.0,0
664,0,1.0,0.0,0.0,0.0,1,0.0,0.0,0
665,0,1.0,0.0,0.0,0.0,2,0.0,1.0,0
666,0,1.0,0.0,0.0,0.0,1,1.0,0.0,0
667,0,1.0,0.0,0.0,0.0,1,0.0,0.0,0
668,1,1.0,0.0,0.0,0.0,0,0.0,0.0,0
670,0,2.0,0.0,0.0,0.0,0,0.0,0.0,0
672,1,1.0,0.0,0.0,0.0,4,0.0,0.0,0
673,0,1.0,0.0,0.0,0.0,1,0.0,0.0,0
674,0,1.0,0.0,0.0,0.0,0,0.0,0.0,0
676,1,41.0,0.0,0.0,23.0,2,0.048780487804878,0.0,1
677,0,0.0,0.0,0.0,0.0,0,0.0,1.0,0
678,0,3.0,0.0,0.0,0.0,1,0.3333333333333333,0.0,0
682,1,1.0,0.0,0.0,0.0,0,0.0,1.0,0
683,0,3.0,0.0,0.0,0.0,0,0.0,0.0,0
684,1,0.0,0.0,0.0,0.0,0,0.0,1.0,1
685,0,1.0,0.0,0.0,0.0,1,0.0,0.0,0
686,1,1.0,0.0,0.0,0.0,1,1.0,0.0,0
688,0,234.0,0.0,0.0,139.0,3,0.0683760683760683,0.0,0
689,0,1.0,0.0,0.0,0.0,0,0.0,0.0,0
690,0,3.0,0.0,0.0,0.0,0,0.0,0.0,0
691,0,1.0,0.0,0.0,0.0,4,0.0,0.0,0
692,0,1.0,0.0,0.0,0.0,4,0.0,0.0,1
697,0,1.0,0.0,0.0,0.0,0,0.0,1.0,0
698,0,1.0,0.0,0.0,0.0,0,0.0,0.0,0
699,0,2.0,0.0,0.0,0.0,0,0.0,0.0,0
700,0,14.0,0.0,0.0,0.0,0,0.1428571428571428,0.7142857142857143,0
701,1,1.0,0.0,0.0,0.0,0,0.0,0.0,0
703,0,1.0,0.0,0.0,0.0,0,1.0,1.0,0
704,0,1.0,0.0,0.0,0.0,0,0.0,0.0,0
707,1,9.0,0.0,0.0,0.0,3,0.0,1.0,0
709,0,1.0,0.0,0.0,0.0,1,0.0,0.0,1
710,0,4.0,0.0,0.0,0.0,0,0.0,0.0,0
712,1,1.0,0.0,0.0,0.0,0,0.0,0.0,0
714,0,0.0,0.0,0.0,0.0,0,0.0,0.0,0
715,0,1.0,0.0,0.0,0.0,2,0.0,0.0,0
717,0,24.0,0.0,0.0,17.0,0,0.0,0.0,0
718,0,6.0,0.0,0.0,0.0,0,0.0,0.0,0
719,0,3.0,0.0,0.0,0.0,1,0.3333333333333333,0.0,0
723,1,3.0,0.0,0.0,0.0,0,0.3333333333333333,0.0,0
724,0,3.0,0.0,0.0,0.0,0,0.0,0.0,0
725,1,1.0,0.0,0.0,0.0,2,0.0,0.0,0
726,1,0.0,0.0,0.0,0.0,1,0.0,1.0,0
727,0,4.0,0.0,0.0,0.0,1,0.0,0.0,0
729,0,1.0,0.0,0.0,0.0,0,0.0,0.0,0
730,0,184.0,0.0,0.0,282.0,2,0.125,0.0163043478260869,1
732,1,2.0,0.0,0.0,0.0,0,0.0,1.0,1
733,1,0.0,0.0,0.0,0.0,0,0.0,0.0,0
734,1,6.0,0.0,0.0,0.0,0,0.0,1.0,0
735,0,0.0,0.0,0.0,0.0,0,0.0,1.0,0
736,0,2.0,0.0,0.0,0.0,0,0.0,1.0,0
738,1,1.0,0.0,0.0,0.0,1,0.0,1.0,0
739,1,27.0,0.0,0.0,0.0,0,0.037037037037037,0.037037037037037,0
740,0,8.0,0.0,0.0,0.0,0,0.0,0.0,0
741,1,5.0,0.0,0.0,0.0,0,0.0,0.2,0
746,1,6.0,0.0,0.0,0.0,3,0.0,0.0,0
748,1,2.0,0.0,0.0,0.0,0,0.0,0.0,0
750,0,3.0,0.0,0.0,0.0,1,0.0,0.0,0
751,1,23.0,0.0,0.0,0.0,0,0.0,0.0,0
752,0,1.0,0.0,0.0,0.0,2,0.0,1.0,0
754,1,1.0,0.0,0.0,0.0,1,0.0,1.0,0
755,0,2.0,0.0,0.0,0.0,3,0.0,0.0,0
759,0,37.0,0.0,0.0,3.0,0,0.0,0.0,0
761,1,54.0,0.0,0.0,30.0,0,0.1296296296296296,0.0,0
762,0,12.0,0.0,0.0,0.0,0,0.0,0.0,0
763,1,3.0,0.0,0.0,0.0,1,0.0,0.0,0
764,0,7.0,0.0,0.0,0.0,0,0.0,0.0,0
767,0,1.0,0.0,0.0,0.0,0,0.0,0.0,0
769,1,0.0,0.0,0.0,0.0,0,0.0,0.0,0
770,0,13.0,0.0,0.0,18.0,0,0.0,0.0,1
771,1,1.0,0.0,0.0,0.0,3,0.0,0.0,0
774,1,0.0,0.0,0.0,0.0,4,0.0,0.1428571428571428,0
775,1,3.0,0.0,0.0,0.0,0,0.0,0.0,0
776,0,1.0,0.0,0.0,0.0,0,0.0,0.0,0
777,1,0.0,0.0,0.0,23.0,1,0.125,0.0,1
778,0,12.0,0.0,0.0,0.0,0,0.0,0.0,0
779,1,60.0,0.0,0.0,19.0,1,0.15,0.15,1
780,1,22.0,0.0,0.0,11.0,0,0.0,0.0,0
784,1,38.0,0.0,0.0,14.0,0,0.0,0.0,0
785,1,1.0,0.0,0.0,0.0,4,0.0,0.0,0
790,0,2.0,0.0,0.0,0.0,0,0.0,0.0,0
791,0,48.0,0.0,0.0,28.0,0,0.0,0.8541666666666666,0
792,0,13.0,0.0,0.0,0.0,0,0.9230769230769232,0.9230769230769232,0
794,0,3.0,0.0,0.0,0.0,0,0.6666666666666666,0.6666666666666666,0
795,0,3.0,0.0,0.0,0.0,0,0.0,0.0,0
796,0,1.0,0.0,0.0,0.0,2,1.0,0.0,0
797,0,1.0,0.0,0.0,0.0,0,0.0,0.0,0
798,1,2.0,0.0,0.0,0.0,1,0.0,0.0,0
800,1,20.0,0.0,0.0,25.0,0,0.0,0.0,0
801,1,1.0,0.0,0.0,0.0,0,0.0,0.0,0
802,0,1.0,0.0,0.0,0.0,4,0.0,0.0,0
803,0,1.0,0.0,0.0,0.0,1,0.0,0.0,0
804,0,1.0,0.0,0.0,0.0,0,0.0,0.0,0
805,1,1.0,0.0,0.0,0.0,0,0.0,0.0,0
806,0,0.0,0.0,0.0,110.0,0,0.0227272727272727,0.6818181818181818,0
812,0,0.0,0.0,0.0,0.0,0,0.0,0.0,0
814,1,2.0,0.0,0.0,0.0,0,0.0,0.0,0
815,1,18.0,0.0,0.0,0.0,0,0.0,1.0,0
816,0,29.0,0.0,0.0,23.0,1,0.0,0.0,0
821,0,4.0,0.0,0.0,0.0,1,0.0,0.0,0
822,1,1.0,0.0,0.0,0.0,1,0.0,0.0,0
823,1,3.0,0.0,0.0,0.0,0,0.0,0.0,0
824,0,1.0,0.0,0.0,0.0,3,0.0,0.0,0
825,0,1.0,0.0,0.0,0.0,0,0.0,1.0,0
826,0,61.0,0.0,0.0,12.0,0,0.0327868852459016,0.0,0
827,1,1.0,0.0,0.0,0.0,0,0.0,0.0,0
828,1,2.0,0.0,0.0,0.0,1,0.0,0.0,0
829,1,15.0,0.0,0.0,2.0,0,0.0,1.0,0
831,0,23.0,0.0,0.0,0.0,1,0.0869565217391304,0.0,0
833,1,11.0,0.0,0.0,26.0,1,0.0,0.0,0
834,1,1.0,0.0,0.0,0.0,0,0.0,0.0,0
835,1,1.0,0.0,0.0,0.0,0,0.0,0.0,0
836,1,1.0,0.0,0.0,0.0,0,1.0,0.0,0
838,0,5.0,0.0,0.0,0.0,1,0.0,0.0,0
843,0,1.0,0.0,0.0,0.0,0,0.0,0.0,0
844,0,30.0,0.0,0.0,13.0,1,0.0,0.0,0
845,0,0.0,0.0,0.0,0.0,0,0.4444444444444444,0.0,0
847,1,3.0,0.0,0.0,0.0,1,0.0,0.0,0
848,1,1.0,0.0,0.0,0.0,1,0.0,1.0,0
849,1,20.0,0.0,0.0,0.0,0,0.05,0.3,0
851,1,6.0,0.0,0.0,0.0,0,0.0,1.0,0
852,1,1.0,0.0,0.0,0.0,0,0.0,0.0,0
853,0,1.0,0.0,0.0,0.0,0,0.0,0.0,0
854,0,1.0,0.0,0.0,0.0,1,0.0,0.0,0
855,1,1.0,0.0,0.0,0.0,0,1.0,0.0,0
856,0,1.0,0.0,0.0,0.0,0,0.0,0.0,0
859,0,1.0,0.0,0.0,0.0,0,0.0,0.0,0
861,0,1.0,0.0,0.0,0.0,0,0.0,0.0,0
864,0,1.0,0.0,0.0,0.0,1,0.0,0.0,0
865,1,1.0,0.0,0.0,0.0,3,0.0,0.0,0
867,0,0.0,0.0,0.0,5.0,0,0.0,0.0,0
869,1,11.0,0.0,0.0,1.0,0,0.0,0.0,0
871,0,1.0,0.0,0.0,0.0,0,0.0,0.0,0
872,0,7.0,0.0,0.0,6.0,0,0.2857142857142857,0.2857142857142857,0
873,1,1.0,0.0,0.0,0.0,0,0.0,0.0,0
876,0,2.0,0.0,0.0,0.0,1,0.0,0.0,0
877,0,2.0,0.0,0.0,0.0,3,0.0,0.0,0
878,1,0.0,0.0,0.0,0.0,0,0.0,1.0,0
879,1,3.0,0.0,0.0,0.0,0,0.0,0.0,0
881,0,1.0,0.0,0.0,0.0,1,0.0,0.0,0
882,1,0.0,0.0,0.0,0.0,0,0.0,1.0,0
883,0,29.0,0.0,0.0,0.0,0,0.0344827586206896,0.0,0
884,1,2.0,0.0,0.0,0.0,0,0.0,0.0,0
885,0,2.0,0.0,0.0,0.0,1,0.0,0.0,0
886,0,3.0,0.0,0.0,0.0,1,0.0,0.0,0
888,0,1.0,0.0,0.0,0.0,0,0.0,0.0,0
891,0,2.0,0.0,0.0,0.0,0,0.0,0.0,0
895,0,31.0,0.0,0.0,25.0,1,0.0967741935483871,0.1290322580645161,0
896,1,2.0,0.0,0.0,0.0,3,0.0,0.0,1
897,1,1.0,0.0,0.0,0.0,0,0.0,1.0,0
898,1,21.0,0.0,0.0,2.0,0,0.5238095238095238,0.6666666666666666,1
899,1,6.0,0.0,0.0,0.0,0,0.1666666666666666,0.3333333333333333,0
900,0,5.0,0.0,0.0,0.0,4,0.0,0.0,0
902,0,1.0,0.0,0.0,0.0,0,0.0,0.0,0
903,0,1.0,0.0,0.0,0.0,0,0.0,0.0,0
909,1,0.0,0.0,0.0,0.0,2,0.0,0.0,0
911,0,17.0,0.0,0.0,0.0,0,0.0,0.0,0
912,1,4.0,0.0,0.0,0.0,0,0.0,0.0,0
913,1,2.0,0.0,0.0,0.0,0,0.0,0.0,0
914,0,1.0,0.0,0.0,0.0,0,0.0,0.0,0
918,0,1.0,0.0,0.0,0.0,0,0.0,0.0,0
919,0,58.0,0.0,0.0,3.0,0,0.0,1.0,0
920,0,1.0,0.0,0.0,0.0,0,0.0,0.0,0
921,0,0.0,0.0,0.0,0.0,0,1.0,0.0,0
923,0,1.0,0.0,0.0,0.0,0,0.0,0.0,0
925,0,2.0,0.0,0.0,0.0,1,0.0,1.0,0
928,0,1.0,0.0,0.0,0.0,0,1.0,1.0,0
929,0,9.0,0.0,0.0,0.0,1,0.2222222222222222,0.0,0
934,1,4.0,0.0,0.0,0.0,0,0.25,0.0,0
935,0,2.0,0.0,0.0,0.0,1,0.5,0.0,0
936,1,3.0,0.0,0.0,0.0,1,0.0,0.0,0
937,0,8.0,0.0,0.0,0.0,1,0.125,0.75,0
939,0,7.0,0.0,0.0,0.0,0,0.0,0.0,0
946,1,32.0,0.0,0.0,0.0,1,0.09375,0.0625,0
947,1,22.0,0.0,0.0,6.0,0,0.0909090909090909,0.0909090909090909,0
948,0,1.0,0.0,0.0,0.0,0,0.0,1.0,0
951,1,2.0,0.0,0.0,0.0,0,0.0,1.0,0
952,0,1.0,0.0,0.0,0.0,0,0.0,0.0,0
954,1,1.0,0.0,0.0,0.0,0,0.0,0.0,0
955,0,0.0,0.0,0.0,0.0,1,0.0,0.0,0
956,1,0.0,0.0,0.0,0.0,0,0.0,0.0,0
957,0,1.0,0.0,0.0,0.0,2,0.0,0.0,0
958,1,6.0,0.0,0.0,0.0,0,0.5,0.0,0
959,1,35.0,0.0,0.0,8.0,4,0.1714285714285714,0.0,0
960,0,3.0,0.0,0.0,0.0,1,0.3333333333333333,0.0,0
961,0,8.0,0.0,0.0,0.0,2,0.0,0.625,0
962,1,1.0,0.0,0.0,0.0,1,0.0,0.0,0
967,0,1.0,0.0,0.0,0.0,4,0.0,1.0,0
968,0,6.0,0.0,0.0,2.0,0,0.5,0.0,0
969,1,6.0,0.0,0.0,0.0,0,0.3333333333333333,0.3333333333333333,0
970,0,0.0,0.0,0.0,43.0,2,0.0,0.0,0
971,1,1.0,0.0,0.0,0.0,0,0.0,0.0,0
972,0,1.0,0.0,0.0,0.0,0,0.0,1.0,0
973,1,3.0,0.0,0.0,0.0,0,0.0,0.0,0
976,0,22.0,0.0,0.0,0.0,0,0.9545454545454546,0.0,0
978,0,1.0,0.0,0.0,0.0,0,1.0,1.0,0
979,1,1.0,0.0,0.0,0.0,0,0.0,0.0,0
981,0,2.0,0.0,0.0,0.0,1,0.5,0.0,0
982,0,1.0,0.0,0.0,0.0,1,0.0,0.0,0
983,1,0.0,0.0,0.0,0.0,0,1.0,0.0,0
984,0,2.0,0.0,0.0,0.0,0,0.0,1.0,0
985,0,1.0,0.0,0.0,0.0,1,0.0,0.0,0
990,1,8.0,0.0,0.0,0.0,4,0.0,0.0,0
992,1,1.0,0.0,0.0,0.0,0,1.0,0.0,0
993,0,1.0,0.0,0.0,0.0,0,0.0,1.0,0
996,0,1.0,0.0,0.0,0.0,1,1.0,1.0,0
997,0,1.0,0.0,0.0,0.0,2,0.0,0.0,0
1003,1,0.0,0.0,0.0,0.0,0,0.0,0.0,0
1004,0,1.0,0.0,0.0,0.0,1,0.0,1.0,0
1006,0,1.0,0.0,0.0,0.0,0,0.0,0.0,0
1007,0,1.0,0.0,0.0,0.0,0,0.0,0.0,0
1008,0,1.0,0.0,0.0,0.0,0,0.0,0.0,1
1009,1,1.0,0.0,0.0,0.0,0,0.0,0.0,1
1012,1,3.0,0.0,0.0,0.0,1,0.0,0.0,0
1013,1,2.0,0.0,0.0,0.0,0,0.0,0.0,0
1014,1,1.0,0.0,0.0,0.0,0,0.0,0.0,0
1015,1,1.0,0.0,0.0,0.0,1,0.0,1.0,0
1016,0,14.0,0.0,0.0,0.0,1,0.0,0.0,0
1017,0,1.0,0.0,0.0,0.0,3,0.0,0.0,0
1020,1,0.0,0.0,0.0,0.0,2,0.0,1.0,0
1021,0,1.0,0.0,0.0,0.0,2,0.0,0.0,0
1022,1,1.0,0.0,0.0,0.0,0,0.0,0.0,0
1023,1,1.0,0.0,0.0,0.0,0,0.0,0.0,0
1025,0,5.0,0.0,0.0,0.0,0,0.4,0.0,1
1027,1,1.0,0.0,0.0,0.0,0,0.0,0.0,0
1029,1,1.0,0.0,0.0,0.0,0,0.0,0.0,0
1031,1,3.0,0.0,0.0,0.0,0,0.0,1.0,0
1032,0,2.0,0.0,0.0,0.0,0,0.0,0.0,1
1033,0,1.0,0.0,0.0,0.0,0,0.0,1.0,0
1036,0,13.0,0.0,0.0,0.0,3,0.0,0.0,0
1039,1,1.0,0.0,0.0,0.0,0,0.0,0.0,0
1040,0,1.0,0.0,0.0,0.0,0,0.0,0.0,0
1043,0,3.0,0.0,0.0,0.0,0,0.0,0.0,0
1045,1,3.0,0.0,0.0,0.0,0,0.0,0.0,0
1046,0,1.0,0.0,0.0,0.0,0,0.0,0.0,0
1047,1,1.0,0.0,0.0,0.0,0,0.0,0.0,0
1049,0,1.0,0.0,0.0,0.0,4,0.0,1.0,0
1050,1,1.0,0.0,0.0,0.0,0,0.0,1.0,0
1051,0,1.0,0.0,0.0,0.0,1,0.0,1.0,1
1052,1,0.0,0.0,0.0,0.0,0,1.0,0.0,0
1053,0,1.0,0.0,0.0,0.0,0,0.0,0.0,0
1054,0,2.0,0.0,0.0,0.0,0,1.0,0.0,1
1056,0,0.0,0.0,0.0,0.0,0,0.8,0.0,0
1057,1,1.0,0.0,0.0,0.0,0,1.0,0.0,0
1060,1,2.0,0.0,0.0,0.0,2,0.5,0.0,0
1061,0,3.0,0.0,0.0,0.0,0,0.3333333333333333,1.0,0
1063,0,61.0,0.0,0.0,25.0,1,0.0,0.0,0
1064,0,1.0,0.0,0.0,0.0,0,1.0,1.0,0
1066,1,0.0,0.0,0.0,0.0,0,0.0,0.0,0
1067,1,1.0,0.0,0.0,0.0,0,0.0,0.0,0
1068,1,1.0,0.0,0.0,0.0,0,1.0,1.0,0
1070,0,1.0,0.0,0.0,0.0,0,1.0,0.0,0
1071,1,1.0,0.0,0.0,0.0,0,1.0,0.0,0
1073,1,1.0,0.0,0.0,0.0,3,1.0,1.0,0
1074,0,1.0,0.0,0.0,0.0,1,0.0,1.0,0
1075,1,1.0,0.0,0.0,0.0,0,0.0,0.0,0
1077,0,1.0,0.0,0.0,0.0,0,1.0,1.0,0
1078,1,1.0,0.0,0.0,0.0,1,0.0,1.0,0
1080,1,2.0,0.0,0.0,0.0,0,0.5,0.0,0
1082,1,1.0,0.0,0.0,0.0,0,0.0,0.0,0
1083,0,2.0,0.0,0.0,0.0,0,1.0,1.0,1
1089,1,1.0,0.0,0.0,0.0,0,1.0,1.0,0
1093,0,1.0,0.0,0.0,0.0,0,0.0,0.0,0
1094,1,3.0,0.0,0.0,0.0,0,0.3333333333333333,1.0,0
1096,1,1.0,0.0,0.0,0.0,4,0.0,0.0,0
1097,1,4.0,0.0,0.0,0.0,3,0.0,0.0,0
1098,1,1.0,0.0,0.0,0.0,1,1.0,0.0,0
1099,0,0.0,0.0,0.0,0.0,2,0.0,0.0,0
1100,1,11.0,0.0,0.0,1.0,1,0.0,0.0,0
1102,0,50.0,0.0,0.0,0.0,1,0.0,0.0,0
1103,1,1.0,0.0,0.0,0.0,3,0.0,0.0,0
1105,1,1.0,0.0,0.0,0.0,0,1.0,0.0,0
1109,1,2.0,0.0,0.0,0.0,1,0.0,0.0,1
1110,0,3.0,0.0,0.0,0.0,0,0.0,0.0,0
1111,1,1.0,0.0,0.0,0.0,0,0.0,0.0,0
1116,0,1.0,0.0,0.0,0.0,0,0.0,0.0,0
1119,1,1.0,0.0,0.0,0.0,0,0.0,0.0,0
1120,0,4.0,0.0,0.0,0.0,4,0.25,0.25,0
1122,0,1.0,0.0,0.0,0.0,0,0.0,0.0,0
1123,0,11.0,0.0,0.0,1.0,1,0.0,0.0,0
1124,1,1.0,0.0,0.0,0.0,0,0.0,0.0,0
1125,0,1.0,0.0,0.0,0.0,2,0.0,1.0,0
1127,1,1.0,0.0,0.0,0.0,2,0.0,1.0,0
1128,1,1.0,0.0,0.0,0.0,2,0.0,0.0,0
1130,0,0.0,0.0,0.0,0.0,1,1.0,0.0,0
1131,1,1.0,0.0,0.0,0.0,0,0.0,0.0,0
1134,0,1.0,0.0,0.0,0.0,3,1.0,0.0,0
1136,0,6.0,0.0,0.0,0.0,0,0.1666666666666666,0.0,0
1137,0,2.0,0.0,0.0,0.0,0,0.0,0.0,0
1140,0,7.0,0.0,0.0,12.0,2,0.0,0.8571428571428571,0
1141,0,1.0,0.0,0.0,0.0,2,1.0,0.0,0
1142,1,23.0,0.0,0.0,14.0,0,0.0869565217391304,0.0,0
1143,0,2.0,0.0,0.0,0.0,0,0.0,0.0,0
1144,0,3.0,0.0,0.0,0.0,0,0.6666666666666666,0.0,0
1145,0,1.0,0.0,0.0,0.0,0,0.0,0.0,1
1146,0,10.0,0.0,0.0,0.0,0,0.2,0.2,0
1147,1,0.0,0.0,0.0,0.0,0,0.0,0.0,0
1148,1,1.0,0.0,0.0,0.0,1,0.0,1.0,0
1149,1,8.0,0.0,0.0,0.0,0,0.0,0.0,0
1150,1,4.0,0.0,0.0,0.0,0,1.0,0.0,1
1151,0,16.0,0.0,0.0,0.0,0,0.0,0.1875,0
1153,0,0.0,0.0,0.0,0.0,3,1.0,0.0,0
1154,0,1.0,0.0,0.0,0.0,0,1.0,0.0,0
1155,1,0.0,0.0,0.0,0.0,1,0.0,0.0,0
1156,1,23.0,0.0,0.0,8.0,0,0.0,0.0,0
1157,0,2.0,0.0,0.0,0.0,0,0.0,0.0,0
1159,0,5.0,0.0,0.0,0.0,0,0.4,0.4,0
1161,1,7.0,0.0,0.0,0.0,2,0.0,1.0,0
1163,1,0.0,0.0,0.0,0.0,2,0.0,0.0,0
1167,1,1.0,0.0,0.0,0.0,1,0.0,0.0,0
1168,0,1.0,0.0,0.0,0.0,0,0.0,0.0,0
1169,0,1.0,0.0,0.0,0.0,0,0.0,0.0,0
1170,1,1.0,0.0,0.0,0.0,0,0.0,0.0,0
1171,0,1.0,0.0,0.0,0.0,0,0.0,0.0,0
1172,1,2.0,0.0,0.0,0.0,0,0.0,1.0,0
1173,0,28.0,0.0,0.0,0.0,0,0.0,0.0,0
1175,1,2.0,0.0,0.0,0.0,0,0.0,0.0,0
1181,0,0.0,0.0,0.0,0.0,0,0.0,1.0,0
1182,0,10.0,0.0,0.0,1.0,0,0.0,0.0,0
1183,0,1.0,0.0,0.0,0.0,0,1.0,1.0,0
1184,1,4.0,0.0,0.0,0.0,1,0.0,0.75,0
1185,0,1.0,0.0,0.0,0.0,0,0.0,1.0,1
1187,0,1.0,0.0,0.0,0.0,0,0.0,0.0,0
1189,1,1.0,0.0,0.0,0.0,1,1.0,0.0,0
1192,0,9.0,0.0,0.0,0.0,0,0.0,0.0,0
1193,0,1.0,0.0,0.0,0.0,0,1.0,1.0,0
1194,0,1.0,0.0,0.0,0.0,0,0.0,1.0,0
1196,0,1.0,0.0,0.0,0.0,3,0.0,1.0,0
1198,0,1.0,0.0,0.0,0.0,2,0.0,0.0,0
1199,0,25.0,0.0,0.0,11.0,1,0.0,0.0,0
1200,0,1.0,0.0,0.0,0.0,1,0.0,1.0,0
1201,1,1.0,0.0,0.0,0.0,2,0.0,1.0,0
1202,0,2.0,0.0,0.0,0.0,1,0.0,0.0,0
1204,0,5.0,0.0,0.0,4.0,3,0.0,0.0,0
1205,0,7.0,0.0,0.0,0.0,0,0.1428571428571428,0.8571428571428571,0
1206,1,1.0,0.0,0.0,0.0,1,0.0,0.0,0
1207,0,1.0,0.0,0.0,0.0,0,0.0,1.0,0
1208,1,4.0,0.0,0.0,0.0,1,0.25,0.75,0
1210,0,34.0,0.0,0.0,0.0,0,0.1176470588235294,0.1176470588235294,0
1213,1,1.0,0.0,0.0,0.0,1,0.0,1.0,0
1214,0,1.0,0.0,0.0,0.0,0,0.0,1.0,0
1215,0,0.0,0.0,0.0,0.0,0,0.0,1.0,0
1216,0,1.0,0.0,0.0,0.0,3,0.0,1.0,0
1218,0,2.0,0.0,0.0,0.0,3,0.0,1.0,0
1219,0,12.0,0.0,0.0,0.0,0,0.0,0.9166666666666666,0
1220,0,1.0,0.0,0.0,0.0,0,0.0,0.0,0
1224,0,1.0,0.0,0.0,0.0,2,0.0,1.0,0
1225,0,1.0,0.0,0.0,0.0,1,0.0,1.0,0
1226,1,1.0,0.0,0.0,0.0,0,0.0,1.0,0
1228,1,7.0,0.0,0.0,0.0,2,0.7142857142857143,0.0,0
1230,0,12.0,0.0,0.0,0.0,2,0.3333333333333333,0.0,0
1231,0,2.0,0.0,0.0,0.0,2,1.0,0.0,0
1235,0,1.0,0.0,0.0,0.0,2,1.0,0.0,0
1237,0,1.0,0.0,0.0,0.0,3,0.0,1.0,0
1238,1,0.0,0.0,0.0,0.0,3,0.0,1.0,0
1239,0,1.0,0.0,0.0,0.0,2,1.0,0.0,0
1240,0,1.0,0.0,0.0,0.0,2,1.0,0.0,0
1241,1,0.0,0.0,0.0,0.0,2,1.0,0.0,0
1242,0,1.0,0.0,0.0,0.0,2,1.0,0.0,0
1244,1,0.0,0.0,0.0,0.0,2,0.0,0.0,0
1246,0,1.0,0.0,0.0,0.0,2,0.0,0.0,0
1247,0,5.0,0.0,0.0,0.0,1,0.0,1.0,0
1249,1,1.0,0.0,0.0,0.0,2,0.0,0.0,0
1250,0,0.0,0.0,0.0,0.0,2,0.0,0.0,0
1251,1,1.0,0.0,0.0,0.0,2,0.0,0.0,0
1252,1,1.0,0.0,0.0,0.0,2,0.0,0.0,0
1253,0,1.0,0.0,0.0,0.0,3,0.0,1.0,0
1254,0,1.0,0.0,0.0,0.0,3,0.0,1.0,0
1257,0,1.0,0.0,0.0,0.0,3,0.0,1.0,0
1258,0,1.0,0.0,0.0,0.0,2,0.0,0.0,0
1259,1,1.0,0.0,0.0,0.0,2,0.0,0.0,0
1261,0,1.0,0.0,0.0,0.0,2,0.0,0.0,0
1263,0,1.0,0.0,0.0,0.0,0,0.0,1.0,0
1264,1,1.0,0.0,0.0,0.0,0,0.0,1.0,0
1266,0,1.0,0.0,0.0,0.0,2,0.0,0.0,0
1268,1,2.0,0.0,0.0,0.0,0,0.0,1.0,0
1271,1,1.0,0.0,0.0,0.0,0,1.0,0.0,0
1273,1,1.0,0.0,0.0,0.0,3,0.0,1.0,0
1275,0,1.0,0.0,0.0,0.0,4,1.0,0.0,0
1276,0,5.0,0.0,0.0,0.0,2,0.4,0.0,0
1277,0,1.0,0.0,0.0,0.0,2,0.0,0.0,0
1278,1,2.0,0.0,0.0,0.0,2,0.0,0.0,0
1280,0,1.0,0.0,0.0,0.0,2,0.0,0.0,0
1283,0,1.0,0.0,0.0,0.0,1,1.0,1.0,0
1285,0,4.0,0.0,0.0,0.0,1,0.75,0.0,0
1292,1,1.0,0.0,0.0,0.0,2,0.0,0.0,0
1293,0,1.0,0.0,0.0,0.0,2,0.0,0.0,0
1294,0,1.0,0.0,0.0,0.0,2,0.0,0.0,0
1295,0,1.0,0.0,0.0,0.0,2,0.0,0.0,0
1296,0,1.0,0.0,0.0,0.0,2,0.0,0.0,0
1297,0,1.0,0.0,0.0,0.0,2,0.0,0.0,0
1298,1,1.0,0.0,0.0,0.0,2,0.0,0.0,0
1299,1,2.0,0.0,0.0,0.0,1,0.0,1.0,0
1301,1,1.0,0.0,0.0,0.0,2,0.0,0.0,0
1302,0,1.0,0.0,0.0,0.0,2,0.0,0.0,0
1303,1,1.0,0.0,0.0,0.0,2,0.0,0.0,0
1305,1,1.0,0.0,0.0,0.0,0,0.0,0.0,0
1306,0,1.0,0.0,0.0,0.0,2,0.0,1.0,0
1307,0,1.0,0.0,0.0,0.0,1,0.0,1.0,0
1308,1,1.0,0.0,0.0,0.0,1,1.0,0.0,0
1309,0,2.0,0.0,0.0,0.0,2,1.0,0.0,0
1311,0,2.0,0.0,0.0,0.0,2,0.5,0.0,0
1312,1,2.0,0.0,0.0,0.0,2,0.5,0.0,0
1313,0,2.0,0.0,0.0,0.0,2,0.5,0.0,0
1314,0,0.0,0.0,0.0,0.0,2,0.5,0.0,0
1319,0,2.0,0.0,0.0,0.0,2,0.5,0.0,0
1321,1,9.0,0.0,0.0,0.0,2,0.2222222222222222,0.0,0
1322,1,1.0,0.0,0.0,0.0,0,1.0,0.0,0
1324,0,0.0,0.0,0.0,0.0,2,0.0,0.0,0
1325,1,1.0,0.0,0.0,0.0,1,0.0,1.0,0
1326,1,1.0,0.0,0.0,0.0,1,1.0,1.0,0
1327,0,1.0,0.0,0.0,0.0,1,1.0,0.0,0
1328,1,0.0,0.0,0.0,0.0,2,1.0,0.0,0
1329,0,1.0,0.0,0.0,0.0,1,0.0,1.0,0
1330,0,0.0,0.0,0.0,0.0,1,1.0,1.0,0
1334,1,1.0,0.0,0.0,0.0,2,1.0,0.0,0
1335,1,6.0,0.0,0.0,3.0,1,0.0,1.0,0
1340,1,1.0,0.0,0.0,0.0,2,1.0,0.0,0
1342,0,1.0,0.0,0.0,0.0,2,1.0,0.0,0
1343,1,21.0,0.0,0.0,27.0,0,0.0,0.0,0
1345,0,0.0,0.0,0.0,0.0,2,1.0,0.0,0
1346,1,2.0,0.0,0.0,0.0,0,0.0,0.0,0
1347,0,1.0,0.0,0.0,0.0,2,1.0,0.0,0
1348,1,1.0,0.0,0.0,0.0,2,1.0,0.0,0
1349,0,1.0,0.0,0.0,0.0,2,1.0,0.0,0
1350,1,1.0,0.0,0.0,0.0,1,0.0,0.0,0
1351,0,1.0,0.0,0.0,0.0,1,0.0,0.0,0
1353,0,1.0,0.0,0.0,0.0,0,0.0,0.0,0
1354,0,1.0,0.0,0.0,0.0,2,1.0,0.0,0
1355,1,0.0,0.0,0.0,0.0,2,1.0,0.0,0
1359,1,1.0,0.0,0.0,0.0,0,1.0,0.0,0
1360,0,0.0,0.0,0.0,0.0,4,0.0,0.0,0
1362,0,30.0,0.0,0.0,6.0,0,0.0333333333333333,0.0333333333333333,0
1364,1,2.0,0.0,0.0,0.0,2,0.0,0.0,0
1366,1,1.0,0.0,0.0,0.0,0,1.0,0.0,0
1367,0,1.0,0.0,0.0,0.0,2,0.0,1.0,0
1368,1,1.0,0.0,0.0,0.0,0,0.0,0.0,0
1369,1,1.0,0.0,0.0,0.0,0,0.0,0.0,0
1370,1,1.0,0.0,0.0,0.0,2,0.0,1.0,0
1372,0,5.0,0.0,0.0,0.0,0,1.0,0.0,0
1373,1,4.0,0.0,0.0,0.0,1,0.0,0.0,0
1374,0,30.0,0.0,0.0,0.0,0,0.0333333333333333,1.0,0
1375,1,1.0,0.0,0.0,0.0,1,0.0,0.0,0
1376,0,1.0,0.0,0.0,0.0,0,0.0,0.0,0
1377,0,15.0,0.0,0.0,0.0,0,0.0,0.0,0
1378,0,5.0,0.0,0.0,0.0,2,0.0,0.0,0
1379,1,1.0,0.0,0.0,0.0,0,0.0,0.0,0
1381,1,0.0,0.0,0.0,0.0,1,0.0,0.0,0
1385,0,6.0,0.0,0.0,7.0,0,0.0,0.0,0
1387,1,2.0,0.0,0.0,2.0,1,0.0,0.0,0
1389,0,31.0,0.0,0.0,15.0,0,0.0,0.0,0
1391,0,2.0,0.0,0.0,0.0,1,0.0,0.0,0
1393,1,0.0,0.0,0.0,0.0,0,0.0,0.0,0
1394,1,10.0,0.0,0.0,0.0,1,0.0,0.0,0
1397,0,2.0,0.0,0.0,3.0,2,0.0,0.0,0
1398,1,7.0,0.0,0.0,2.0,1,0.0,0.0,0
1399,0,2.0,0.0,0.0,0.0,2,0.0,1.0,1
1400,1,15.0,0.0,0.0,0.0,0,0.0666666666666666,0.0666666666666666,0
1401,0,19.0,0.0,0.0,6.0,0,0.0526315789473684,0.5263157894736842,0
1402,0,11.0,0.0,0.0,0.0,1,0.0,0.0,0
1403,0,7.0,0.0,0.0,0.0,0,0.0,0.0,0
1405,0,16.0,0.0,0.0,1.0,0,0.0625,0.0625,0
1406,0,7.0,0.0,0.0,0.0,2,0.0,0.0,0
1408,1,1.0,0.0,0.0,0.0,0,0.0,0.0,0
1409,1,1.0,0.0,0.0,0.0,0,0.0,1.0,0
1410,0,6.0,0.0,0.0,0.0,0,0.0,0.0,0
1411,1,11.0,0.0,0.0,0.0,0,0.0,0.0,0
1412,1,18.0,0.0,0.0,0.0,0,0.0555555555555555,0.0,0
1414,0,35.0,0.0,0.0,76.0,2,0.0857142857142857,1.0,0
1416,0,1.0,0.0,0.0,0.0,0,0.0,0.0,0
1417,0,7.0,0.0,0.0,0.0,1,0.0,0.5714285714285714,0
1418,1,0.0,0.0,0.0,15.0,1,0.0,0.0,0
1421,1,5.0,0.0,0.0,16.0,0,0.0,0.0,0
1422,0,2.0,0.0,0.0,0.0,0,0.0,0.0,0
1424,0,1.0,0.0,0.0,0.0,1,0.0,1.0,0
1426,1,12.0,0.0,0.0,9.0,3,0.0,0.0,0
1427,0,0.0,0.0,0.0,0.0,1,0.0769230769230769,0.0,0
1428,0,1.0,0.0,0.0,0.0,2,0.0,0.0,0
1431,1,5.0,0.0,0.0,0.0,0,0.0,0.0,0
1432,1,8.0,0.0,0.0,0.0,0,0.0,0.0,0
1433,0,2.0,0.0,0.0,0.0,0,1.0,1.0,0
1435,1,1.0,0.0,0.0,0.0,4,0.0,0.0,0
1439,1,0.0,0.0,0.0,11.0,2,0.0,0.0,1
1440,0,4.0,0.0,0.0,11.0,1,0.0,0.0,0
1441,0,0.0,0.0,0.0,0.0,0,0.3333333333333333,1.0,0
1444,1,14.0,0.0,0.0,0.0,1,0.5,0.5,0
1445,0,0.0,0.0,0.0,0.0,0,0.0,0.0,0
1446,0,1.0,0.0,0.0,0.0,1,1.0,0.0,0
1449,0,1.0,0.0,0.0,0.0,1,1.0,0.0,0
1451,1,3.0,0.0,0.0,0.0,2,0.3333333333333333,0.0,0
1457,0,3.0,0.0,0.0,10.0,0,0.0,0.0,0
1459,1,2.0,0.0,0.0,0.0,0,0.0,0.0,0
1460,0,1.0,0.0,0.0,0.0,1,0.0,0.0,0
1461,0,5.0,0.0,0.0,0.0,1,0.0,0.8,0
1463,0,1.0,0.0,0.0,0.0,2,0.0,0.0,0
1467,0,12.0,0.0,0.0,15.0,1,0.0,0.0,0
1468,1,1.0,0.0,0.0,0.0,0,0.0,0.0,0
1469,1,2.0,0.0,0.0,0.0,0,1.0,0.0,0
1470,0,1.0,0.0,0.0,0.0,0,0.0,0.0,0
1471,1,1.0,0.0,0.0,0.0,0,0.0,0.0,1
1475,1,1.0,0.0,0.0,0.0,1,0.0,0.0,0
1476,0,1.0,0.0,0.0,0.0,0,0.0,0.0,0
1477,1,7.0,0.0,0.0,0.0,0,0.0,0.0,0
1478,0,1.0,0.0,0.0,0.0,2,0.0,1.0,0
1479,0,2.0,0.0,0.0,0.0,0,0.0,1.0,0
1480,0,1.0,0.0,0.0,0.0,1,0.0,0.0,0
1483,0,1.0,0.0,0.0,0.0,1,0.0,1.0,0
1484,0,1.0,0.0,0.0,0.0,0,0.0,0.0,0
1485,1,1.0,0.0,0.0,0.0,0,0.0,1.0,1
1486,1,1.0,0.0,0.0,0.0,0,0.0,1.0,0
1489,0,1.0,0.0,0.0,0.0,0,0.0,1.0,0
1493,1,4.0,0.0,0.0,4.0,0,0.0,0.0,0
1494,0,1.0,0.0,0.0,0.0,2,0.0,1.0,0
1495,0,4.0,0.0,0.0,0.0,0,0.25,0.0,1
1496,0,54.0,0.0,0.0,24.0,0,0.037037037037037,0.0,0
1497,0,20.0,0.0,0.0,0.0,0,0.15,0.0,0
1498,1,13.0,0.0,0.0,0.0,0,0.0,1.0,0
1499,0,1.0,0.0,0.0,0.0,0,0.0,1.0,0
1501,1,3.0,0.0,0.0,0.0,4,0.6666666666666666,1.0,0
1502,0,20.0,0.0,0.0,0.0,2,0.55,0.0,0
1504,0,2.0,0.0,0.0,0.0,0,0.0,0.0,0
1505,0,45.0,0.0,0.0,12.0,0,0.0,0.9111111111111112,0
1508,0,0.0,0.0,0.0,0.0,0,0.0,0.0,1
1510,0,1.0,0.0,0.0,0.0,0,1.0,1.0,0
1511,0,1.0,0.0,0.0,0.0,0,0.0,0.0,0
1512,0,1.0,0.0,0.0,0.0,3,0.0,0.0,0
1513,0,10.0,0.0,0.0,12.0,1,0.0,0.0,0
1516,0,6.0,0.0,0.0,5.0,0,0.0,0.1666666666666666,0
1517,0,3.0,0.0,0.0,0.0,1,0.0,0.0,0
1519,1,1.0,0.0,0.0,0.0,0,0.0,1.0,0
1520,1,5.0,0.0,0.0,0.0,1,0.0,0.0,0
1521,1,1.0,0.0,0.0,0.0,0,0.0,0.0,0
1523,1,4.0,0.0,0.0,0.0,0,0.0,0.0,0
1525,0,25.0,0.0,0.0,23.0,0,0.04,0.04,0
1528,0,2.0,0.0,0.0,0.0,0,0.0,1.0,0
1529,1,0.0,0.0,0.0,28.0,0,0.0,1.0,0
1530,0,0.0,0.0,0.0,26.0,0,0.0,0.0,1
1531,0,5.0,0.0,0.0,0.0,0,0.0,0.0,0
1533,0,4.0,0.0,0.0,0.0,0,0.0,1.0,0
1534,0,2.0,0.0,0.0,3.0,0,0.0,0.0,0
1535,1,2.0,0.0,0.0,0.0,2,0.0,1.0,0
1536,0,1.0,0.0,0.0,1.0,2,0.0,1.0,0
1540,0,1.0,0.0,0.0,0.0,0,0.0,0.0,0
1541,1,1.0,0.0,0.0,0.0,0,0.0,0.0,0
1542,1,1.0,0.0,0.0,0.0,2,0.0,0.0,0
1547,1,1.0,0.0,0.0,0.0,0,1.0,1.0,0
1548,0,1.0,0.0,0.0,0.0,0,1.0,1.0,0
1549,0,1.0,0.0,0.0,0.0,1,1.0,1.0,0
1555,1,5.0,0.0,0.0,0.0,1,0.0,1.0,0
1556,1,17.0,0.0,0.0,59.0,0,0.0,1.0,0
1558,1,5.0,0.0,0.0,0.0,0,0.0,0.0,0
1559,0,0.0,0.0,0.0,0.0,0,0.0,0.0,0
1560,1,0.0,0.0,0.0,0.0,0,0.0,1.0,0
1562,0,1.0,0.0,0.0,0.0,1,0.0,0.0,0
1563,1,5.0,0.0,0.0,0.0,0,0.2,0.0,0
1565,1,1.0,0.0,0.0,0.0,0,0.0,0.0,0
1566,0,3.0,0.0,0.0,0.0,1,0.0,0.0,0
1567,0,4.0,0.0,0.0,0.0,1,0.0,1.0,0
1569,0,2.0,0.0,0.0,0.0,0,0.0,0.0,0
1571,1,3.0,0.0,0.0,0.0,0,0.0,0.0,0
1572,1,1.0,0.0,0.0,0.0,0,0.0,0.0,0
1573,0,65.0,0.0,0.0,95.0,1,0.0153846153846153,0.0,0
1574,1,15.0,0.0,0.0,0.0,0,0.0666666666666666,0.5333333333333333,0
1575,0,5.0,0.0,0.0,0.0,0,0.0,0.0,0
1577,1,16.0,0.0,0.0,10.0,0,0.0,0.0,0
1579,0,24.0,0.0,0.0,19.0,0,0.0,0.0,0
1580,0,21.0,0.0,0.0,20.0,0,0.0476190476190476,0.9523809523809524,0
1583,0,3.0,0.0,0.0,0.0,0,0.0,0.0,0
1584,0,1.0,0.0,0.0,0.0,0,0.0,1.0,0
1585,0,1.0,0.0,0.0,0.0,0,0.0,1.0,0
1586,0,1.0,0.0,0.0,0.0,0,0.0,0.0,0
1588,0,1.0,0.0,0.0,0.0,1,0.0,0.0,0
1589,1,0.0,0.0,0.0,0.0,0,0.0,0.0,0
1590,0,1.0,0.0,0.0,0.0,0,0.0,0.0,0
1593,1,1.0,0.0,0.0,0.0,2,0.0,0.0,0
1594,1,3.0,0.0,0.0,0.0,0,0.0,0.0,0
1596,1,3.0,0.0,0.0,0.0,4,1.0,0.0,0
1597,0,4.0,0.0,0.0,0.0,1,0.0,0.0,0
1598,0,1.0,0.0,0.0,0.0,1,0.0,0.0,0
1600,0,8.0,0.0,0.0,2.0,2,0.0,0.875,0
1601,1,0.0,0.0,0.0,0.0,0,0.0,1.0,1
1603,1,9.0,0.0,0.0,0.0,0,0.1111111111111111,0.4444444444444444,0
1604,0,3.0,0.0,0.0,0.0,1,0.0,0.0,0
1605,1,3.0,0.0,0.0,0.0,0,0.0,0.0,0
1606,1,1.0,0.0,0.0,0.0,0,0.0,0.0,0
1607,0,3.0,0.0,0.0,0.0,1,1.0,0.0,0
1612,0,1.0,0.0,0.0,0.0,0,0.0,1.0,0
1615,1,3.0,0.0,0.0,0.0,1,0.6666666666666666,0.0,0
1618,1,0.0,0.0,0.0,0.0,3,0.0,0.0,0
1623,1,1.0,0.0,0.0,0.0,2,0.0,0.0,0
1624,1,3.0,0.0,0.0,0.0,0,0.0,0.0,0
1625,0,2.0,0.0,0.0,0.0,0,0.0,0.0,0
1627,0,1.0,0.0,0.0,0.0,1,0.0,0.0,0
1628,1,0.0,0.0,0.0,0.0,0,0.0,0.0,0
1629,0,3.0,0.0,0.0,0.0,0,0.0,0.0,0
1630,1,5.0,0.0,0.0,0.0,0,0.2,1.0,0
1632,0,1.0,0.0,0.0,0.0,0,0.0,0.0,0
1633,0,2.0,0.0,0.0,0.0,0,0.0,0.0,0
1634,0,1.0,0.0,0.0,0.0,0,0.0,0.0,0
1635,1,1.0,0.0,0.0,0.0,0,0.0,0.0,0
1636,0,1.0,0.0,0.0,0.0,0,0.0,0.0,0
1637,0,2.0,0.0,0.0,0.0,0,0.0,0.0,0
1638,1,1.0,0.0,0.0,38.0,1,0.0,0.0,0
1639,0,1.0,0.0,0.0,0.0,0,0.0,1.0,0
1644,1,0.0,0.0,0.0,1.0,0,0.0,0.0,1
1645,0,60.0,0.0,0.0,39.0,3,0.0,0.0,1
1646,1,0.0,0.0,0.0,100.0,1,0.0,0.0,0
1649,0,5.0,0.0,0.0,9.0,0,0.0,0.0,0
1655,0,4.0,0.0,0.0,0.0,1,1.0,0.0,0
1656,1,3.0,0.0,0.0,0.0,2,0.0,0.0,0
1658,1,2.0,0.0,0.0,0.0,0,1.0,0.0,0
1659,1,1.0,0.0,0.0,0.0,0,0.0,0.0,0
1660,1,1.0,0.0,0.0,0.0,1,0.0,0.0,0
1662,1,1.0,0.0,0.0,0.0,1,0.0,0.0,0
1663,0,2.0,0.0,0.0,0.0,0,0.0,1.0,0
1664,1,1.0,0.0,0.0,0.0,1,0.0,0.0,0
1665,1,5.0,0.0,0.0,0.0,0,0.0,0.0,0
1668,0,9.0,0.0,0.0,64.0,0,0.0,0.0,0
1670,0,23.0,0.0,0.0,2.0,1,0.0,0.0,0
1672,0,1.0,0.0,0.0,0.0,0,0.0,0.0,0
1676,1,3.0,0.0,0.0,0.0,0,0.6666666666666666,0.0,0
1677,0,3.0,0.0,0.0,0.0,1,0.0,1.0,0
1678,0,7.0,0.0,0.0,0.0,4,0.0,0.0,0
1679,0,1.0,0.0,0.0,0.0,0,1.0,0.0,0
1680,0,8.0,0.0,0.0,0.0,0,0.0,0.0,0
1681,1,1.0,0.0,0.0,0.0,0,0.0,0.0,0
1682,1,7.0,0.0,0.0,0.0,0,0.0,0.0,0
1683,1,1.0,0.0,0.0,1.0,0,0.0,0.0,0
1684,1,2.0,0.0,0.0,0.0,1,0.0,0.0,0
1686,0,1.0,0.0,0.0,0.0,0,0.0,0.0,0
1687,1,2.0,0.0,0.0,0.0,2,0.5,0.0,0
1688,0,4.0,0.0,0.0,0.0,0,0.0,0.0,0
1689,0,5.0,0.0,0.0,0.0,0,0.0,0.0,1
1690,0,0.0,0.0,0.0,0.0,0,0.0,0.0,0
1691,0,1.0,0.0,0.0,0.0,0,0.0,0.0,0
1694,0,1.0,0.0,0.0,0.0,0,0.0,0.0,0
1695,0,1.0,0.0,0.0,0.0,0,0.0,1.0,0
1696,0,1.0,0.0,0.0,0.0,1,0.0,0.0,0
1697,1,8.0,0.0,0.0,0.0,1,0.25,0.25,0
1699,0,0.0,0.0,0.0,0.0,0,0.0,1.0,0
1701,0,0.0,0.0,0.0,0.0,1,0.0,0.0,0
1704,0,2.0,0.0,0.0,0.0,0,1.0,1.0,0
1705,0,1.0,0.0,0.0,0.0,0,1.0,0.0,0
1706,0,1.0,0.0,0.0,0.0,0,1.0,0.0,0
1708,0,1.0,0.0,0.0,0.0,1,1.0,0.0,0
1709,1,0.0,0.0,0.0,0.0,0,1.0,0.0,0
1711,0,1.0,0.0,0.0,0.0,0,0.0,0.0,0
1712,0,27.0,0.0,0.0,20.0,0,0.0,0.0,0
1713,1,0.0,0.0,0.0,0.0,0,0.0,0.0,0
1714,0,2.0,0.0,0.0,0.0,0,0.0,0.0,0
1715,1,26.0,0.0,0.0,21.0,1,0.1153846153846154,0.0,0
1716,1,1.0,0.0,0.0,0.0,0,0.0,0.0,0
1717,1,2.0,0.0,0.0,0.0,0,0.0,0.0,0
1718,0,0.0,0.0,0.0,0.0,1,0.0,0.0,0
1721,1,2.0,0.0,0.0,0.0,3,0.0,0.0,0
1722,1,0.0,0.0,0.0,0.0,0,0.0,0.0,0
1723,1,5.0,0.0,0.0,0.0,0,0.0,0.8,0
1725,1,8.0,0.0,0.0,0.0,0,0.125,0.0,0
1727,0,2.0,0.0,0.0,0.0,2,0.0,1.0,0
1728,0,1.0,0.0,0.0,0.0,0,0.0,0.0,0
1730,1,5.0,0.0,0.0,9.0,0,0.0,0.0,0
1731,0,18.0,0.0,0.0,27.0,0,0.0,0.0,0
1732,1,6.0,0.0,0.0,0.0,1,0.1666666666666666,0.0,0
1734,1,3.0,0.0,0.0,0.0,1,0.0,0.0,0
1735,1,9.0,0.0,0.0,6.0,0,0.0,0.0,0
1736,1,5.0,0.0,0.0,0.0,0,0.0,0.0,0
1737,0,1.0,0.0,0.0,0.0,0,0.0,0.0,0
1738,0,0.0,0.0,0.0,0.0,0,0.0,0.0,0
1739,0,3.0,0.0,0.0,0.0,1,0.0,0.0,0
1740,1,4.0,0.0,0.0,7.0,0,0.0,0.0,0
1744,0,1.0,0.0,0.0,0.0,0,0.0,1.0,0
1746,0,0.0,0.0,0.0,0.0,0,0.0,0.0,0
1748,0,1.0,0.0,0.0,0.0,0,0.0,0.0,0
1750,0,9.0,0.0,0.0,0.0,0,0.0,0.0,0
1751,0,5.0,0.0,0.0,0.0,0,0.0,0.0,0
1752,1,3.0,0.0,0.0,3.0,1,0.0,0.0,0
1753,0,10.0,0.0,0.0,0.0,0,0.2,1.0,0
1754,0,6.0,0.0,0.0,0.0,0,0.1666666666666666,0.8333333333333334,0
1755,0,5.0,0.0,0.0,0.0,0,0.2,0.8,0
1757,0,1.0,0.0,0.0,0.0,2,0.0,0.0,0
1758,1,2.0,0.0,0.0,0.0,3,0.0,0.0,0
1759,0,0.0,0.0,0.0,0.0,0,0.0,0.0,0
1760,0,0.0,0.0,0.0,0.0,1,0.0,0.0,0
1762,1,1.0,0.0,0.0,0.0,1,0.0,0.0,0
1763,0,4.0,0.0,0.0,0.0,1,0.25,0.0,0
1768,0,0.0,0.0,0.0,0.0,0,0.0,0.0,0
1769,0,1.0,0.0,0.0,0.0,0,0.0,0.0,0
1770,1,1.0,0.0,0.0,0.0,0,0.0,0.0,0
1772,0,6.0,0.0,0.0,0.0,0,0.0,0.0,0
1774,1,1.0,0.0,0.0,0.0,0,0.0,0.0,0
1776,1,1.0,0.0,0.0,0.0,0,0.0,1.0,0
1778,0,1.0,0.0,0.0,0.0,1,0.0,0.0,0
1779,1,7.0,0.0,0.0,0.0,1,0.2857142857142857,0.0,0
1780,1,1.0,0.0,0.0,0.0,0,0.0,0.0,0
1781,1,1.0,0.0,0.0,0.0,0,0.0,0.0,0
1784,0,4.0,0.0,0.0,0.0,1,0.25,0.25,0
1786,0,1.0,0.0,0.0,0.0,0,0.0,0.0,0
1788,0,1.0,0.0,0.0,0.0,0,0.0,0.0,0
1789,1,1.0,0.0,0.0,0.0,0,0.0,1.0,0
1790,1,3.0,0.0,0.0,0.0,1,0.0,1.0,0
1795,0,2.0,0.0,0.0,0.0,0,0.0,0.0,0
1796,0,1.0,0.0,0.0,0.0,0,0.0,0.0,0
1797,0,1.0,0.0,0.0,0.0,0,0.0,0.0,0
1798,1,2.0,0.0,0.0,0.0,0,0.0,1.0,0
1800,0,1.0,0.0,0.0,0.0,0,0.0,0.0,0
1801,1,0.0,0.0,0.0,0.0,1,0.0,0.0,0
1803,1,6.0,0.0,0.0,0.0,1,0.0,0.0,0
1804,0,1.0,0.0,0.0,0.0,0,0.0,1.0,0
1807,0,2.0,0.0,0.0,63.0,2,0.0,0.0,0
1809,1,1.0,0.0,0.0,0.0,1,0.0,0.0,0
1810,1,2.0,0.0,0.0,0.0,1,0.0,0.0,0
1815,1,2.0,0.0,0.0,0.0,0,0.0,1.0,0
1817,0,1.0,0.0,0.0,0.0,0,0.0,0.0,0
1818,0,1.0,0.0,0.0,0.0,1,0.0,0.0,0
1819,0,1.0,0.0,0.0,0.0,2,0.0,0.0,0
1820,0,1.0,0.0,0.0,2.0,0,0.0,0.0,0
1821,0,4.0,0.0,0.0,0.0,3,0.0,0.0,0
1822,1,1.0,0.0,0.0,0.0,2,0.0,0.0,0
1829,1,1.0,0.0,0.0,3.0,1,0.0,0.0,0
1830,1,4.0,0.0,0.0,6.0,1,0.0,0.0,0
1831,1,1.0,0.0,0.0,0.0,0,0.0,0.0,0
1834,0,1.0,0.0,0.0,0.0,0,0.0,0.0,0
1835,0,1.0,0.0,0.0,0.0,0,1.0,0.0,0
1836,1,1.0,0.0,0.0,0.0,0,0.0,0.0,0
1839,1,1.0,0.0,0.0,0.0,0,0.0,0.0,0
1841,0,1.0,0.0,0.0,0.0,1,0.0,0.0,0
1842,0,2.0,0.0,0.0,0.0,1,0.0,0.0,0
1843,1,0.0,0.0,0.0,5.0,0,0.0,0.0,0
1844,0,2.0,0.0,0.0,0.0,1,0.0,0.0,0
1846,1,12.0,0.0,0.0,4.0,0,0.0,0.8333333333333334,0
1851,1,1.0,0.0,0.0,0.0,0,0.0,0.0,0
1853,1,1.0,0.0,0.0,0.0,0,0.0,1.0,0
1854,1,3.0,0.0,0.0,0.0,0,0.0,0.0,0
1857,1,1.0,0.0,0.0,0.0,1,0.0,1.0,0
1858,1,1.0,0.0,0.0,0.0,1,0.0,0.0,0
1861,0,0.0,0.0,0.0,0.0,0,0.0,0.0,0
1863,0,0.0,0.0,0.0,0.0,0,0.0,0.0,0
1864,1,0.0,0.0,0.0,0.0,2,0.0,1.0,0
1865,1,1.0,0.0,0.0,0.0,0,0.0,1.0,0
1866,0,32.0,0.0,0.0,1.0,0,0.0,0.0,0
1868,1,0.0,0.0,0.0,0.0,1,0.0,0.0,0
1870,0,0.0,0.0,0.0,0.0,0,0.0,0.0,0
1872,1,2.0,0.0,0.0,0.0,0,1.0,0.0,0
1875,1,2.0,0.0,0.0,0.0,1,1.0,0.0,0
1876,1,1.0,0.0,0.0,0.0,0,0.0,0.0,0
1880,1,1.0,0.0,0.0,0.0,0,0.0,0.0,0
1882,0,1.0,0.0,0.0,0.0,0,1.0,1.0,0
1884,0,18.0,0.0,0.0,0.0,0,0.0555555555555555,0.0,0
1885,0,1.0,0.0,0.0,0.0,0,1.0,0.0,0
1886,0,5.0,0.0,0.0,9.0,2,0.0,0.0,0
1888,0,1.0,0.0,0.0,0.0,0,0.0,0.0,0
1889,1,0.0,0.0,0.0,0.0,0,0.0,0.0,0
1890,0,1.0,0.0,0.0,0.0,1,1.0,0.0,0
1891,0,1.0,0.0,0.0,0.0,0,0.0,0.0,0
1892,1,1.0,0.0,0.0,0.0,0,1.0,1.0,0
1894,1,1.0,0.0,0.0,0.0,2,0.0,0.0,1
1895,1,1.0,0.0,0.0,0.0,1,0.0,0.0,0
1896,0,2.0,0.0,0.0,0.0,2,0.0,0.0,0
1897,1,7.0,0.0,0.0,0.0,0,0.0,0.0,0
1898,1,0.0,0.0,0.0,0.0,1,0.0,0.0,0
1899,1,10.0,0.0,0.0,0.0,2,0.3,0.5,0
1900,1,1.0,0.0,0.0,0.0,1,0.0,0.0,0
1903,1,1.0,0.0,0.0,0.0,1,0.0,0.0,0
1905,1,2.0,0.0,0.0,0.0,1,0.5,0.0,0
1907,1,21.0,0.0,0.0,9.0,0,0.0,0.0,0
1911,0,1.0,0.0,0.0,0.0,2,0.0,0.0,0
1913,0,1.0,0.0,0.0,0.0,0,0.0,0.0,0
1914,0,1.0,0.0,0.0,0.0,2,1.0,1.0,0
1915,1,1.0,0.0,0.0,0.0,0,0.0,1.0,0
1916,1,1.0,0.0,0.0,0.0,0,1.0,0.0,0
1922,1,1.0,0.0,0.0,0.0,0,0.0,1.0,0
1924,0,4.0,0.0,0.0,0.0,0,0.0,0.0,0
1927,0,8.0,0.0,0.0,0.0,0,0.25,0.0,0
1928,0,2.0,0.0,0.0,0.0,0,0.0,1.0,0
1929,1,1.0,0.0,0.0,0.0,1,0.0,1.0,0
1930,1,2.0,0.0,0.0,0.0,0,0.5,0.0,0
1931,1,2.0,0.0,0.0,0.0,1,0.0,0.0,0
1934,0,2.0,0.0,0.0,0.0,0,0.0,0.0,0
1935,1,1.0,0.0,0.0,0.0,2,0.0,0.0,0
1936,0,4.0,0.0,0.0,0.0,1,0.0,0.0,0
1937,0,1.0,0.0,0.0,0.0,1,0.0,1.0,0
1938,0,1.0,0.0,0.0,0.0,1,0.0,0.0,0
1939,1,21.0,0.0,0.0,0.0,0,0.0,0.0,0
1941,1,0.0,0.0,0.0,0.0,0,0.0,0.0,0
1942,1,1.0,0.0,0.0,0.0,0,0.0,0.0,0
1944,1,1.0,0.0,0.0,0.0,0,0.0,0.0,0
1945,0,1.0,0.0,0.0,0.0,0,0.0,1.0,0
1946,0,4.0,0.0,0.0,0.0,0,0.0,0.0,0
1950,1,1.0,0.0,0.0,0.0,0,1.0,0.0,0
1951,1,1.0,0.0,0.0,0.0,2,0.0,0.0,1
1952,0,1.0,0.0,0.0,0.0,1,0.0,0.0,0
1954,0,1.0,0.0,0.0,0.0,0,1.0,0.0,0
1956,1,1.0,0.0,0.0,0.0,1,0.0,1.0,0
1957,0,1.0,0.0,0.0,0.0,0,0.0,1.0,0
1958,0,1.0,0.0,0.0,0.0,0,0.0,1.0,0
1960,1,1.0,0.0,0.0,0.0,0,1.0,1.0,0
1962,0,0.0,0.0,0.0,0.0,0,1.0,0.0,0
1966,0,3.0,0.0,0.0,0.0,0,0.0,0.0,0
1968,1,1.0,0.0,0.0,0.0,2,0.0,0.0,0
1970,1,1.0,0.0,0.0,0.0,0,0.0,0.0,0
1971,0,1.0,0.0,0.0,0.0,1,0.0,0.0,0
1972,0,1.0,0.0,0.0,0.0,0,0.0,0.0,0
1974,1,1.0,0.0,0.0,0.0,0,0.0,0.0,0
1975,1,0.0,0.0,0.0,0.0,1,0.3333333333333333,0.0,0
1980,0,2.0,0.0,0.0,0.0,0,0.0,0.0,0
1981,1,3.0,0.0,0.0,0.0,0,0.0,0.0,0
1982,0,1.0,0.0,0.0,0.0,0,0.0,0.0,0
1983,0,3.0,0.0,0.0,0.0,0,1.0,0.0,0
1984,0,1.0,0.0,0.0,0.0,2,0.0,0.0,0
1987,1,1.0,0.0,0.0,0.0,1,0.0,1.0,0
1989,0,1.0,0.0,0.0,0.0,0,0.0,0.0,0
1991,0,2.0,0.0,0.0,0.0,0,0.0,0.0,0
1993,1,3.0,0.0,0.0,0.0,0,0.0,0.0,0
1994,0,1.0,0.0,0.0,0.0,0,0.0,1.0,0
1997,1,1.0,0.0,0.0,0.0,0,0.0,1.0,0
1998,1,1.0,0.0,0.0,0.0,2,1.0,1.0,0
1999,1,2.0,0.0,0.0,0.0,0,0.0,0.0,0
2000,0,1.0,0.0,0.0,0.0,0,0.0,1.0,0
2006,0,4.0,0.0,0.0,0.0,0,0.0,0.0,0
2008,1,1.0,0.0,0.0,0.0,3,0.0,0.0,0
2010,1,4.0,0.0,0.0,0.0,0,1.0,1.0,0
2011,1,2.0,0.0,0.0,0.0,0,1.0,0.0,1
2012,1,0.0,0.0,0.0,0.0,2,0.0,1.0,0
2017,0,3.0,0.0,0.0,0.0,0,0.6666666666666666,1.0,0
2018,1,0.0,0.0,0.0,4.0,1,0.0,0.0,0
2019,1,0.0,0.0,0.0,0.0,0,0.0,0.0,0
2020,1,2.0,0.0,0.0,0.0,2,0.0,1.0,0
2021,0,1.0,0.0,0.0,0.0,0,0.0,0.0,0
2022,0,1.0,0.0,0.0,0.0,0,0.0,1.0,0
2023,0,1.0,0.0,0.0,0.0,0,0.0,0.0,0
2025,1,1.0,0.0,0.0,6.0,0,0.0,0.0,0
2026,1,1.0,0.0,0.0,0.0,0,0.0,0.0,0
2027,0,1.0,0.0,0.0,0.0,1,0.0,0.0,0
2028,0,5.0,0.0,0.0,0.0,0,0.4,0.0,0
2029,0,3.0,0.0,0.0,0.0,4,0.3333333333333333,0.0,0
2031,0,42.0,0.0,0.0,48.0,0,0.0,0.0,0
2032,1,1.0,0.0,0.0,0.0,0,1.0,0.0,0
2034,0,1.0,0.0,0.0,0.0,2,0.0,0.0,0
2035,0,1.0,0.0,0.0,0.0,1,0.0,0.0,0
2036,0,1.0,0.0,0.0,0.0,0,0.0,0.0,0
2038,0,2.0,0.0,0.0,0.0,2,0.0,1.0,0
2039,1,1.0,0.0,0.0,0.0,0,0.0,1.0,0
2041,1,1.0,0.0,0.0,0.0,1,0.0,1.0,0
2042,1,1.0,0.0,0.0,0.0,0,0.0,1.0,0
2043,1,1.0,0.0,0.0,0.0,0,0.0,1.0,0
2046,0,0.0,0.0,0.0,9.0,2,0.0,0.0,0
2047,0,2.0,0.0,0.0,0.0,2,0.0,0.0,0
2048,1,3.0,0.0,0.0,0.0,3,0.0,0.0,0
2049,0,2.0,0.0,0.0,0.0,0,0.0,0.0,0
2053,1,1.0,0.0,0.0,0.0,0,0.0,0.0,0
2054,0,2.0,0.0,0.0,0.0,0,0.0,0.0,0
2055,1,1.0,0.0,0.0,0.0,1,0.0,0.0,0
2057,0,13.0,0.0,0.0,10.0,0,0.1538461538461538,0.7692307692307693,0
2060,0,4.0,0.0,0.0,0.0,0,0.0,0.0,0
2061,0,1.0,0.0,0.0,0.0,0,0.0,1.0,0
2062,0,14.0,0.0,0.0,5.0,0,0.0,1.0,0
2063,1,4.0,0.0,0.0,0.0,0,0.0,0.0,0
2065,1,13.0,0.0,0.0,0.0,0,0.9230769230769232,0.9230769230769232,0
2067,1,1.0,0.0,0.0,29.0,0,0.0,0.0,0
2069,1,1.0,0.0,0.0,0.0,0,0.0,1.0,0
2070,0,7.0,0.0,0.0,0.0,0,1.0,0.0,0
2073,0,1.0,0.0,0.0,0.0,0,1.0,0.0,0
2077,0,1.0,0.0,0.0,0.0,0,0.0,0.0,0
2079,1,1.0,0.0,0.0,0.0,0,0.0,0.0,0
2080,1,2.0,0.0,0.0,0.0,0,0.0,1.0,0
2081,1,3.0,0.0,0.0,0.0,0,0.0,0.0,0
2082,0,1.0,0.0,0.0,0.0,0,0.0,1.0,0
2085,1,0.0,0.0,0.0,2.0,0,0.0,0.0,0
2088,0,3.0,0.0,0.0,0.0,2,0.3333333333333333,0.0,0
2089,1,1.0,0.0,0.0,0.0,0,0.0,0.0,0
2090,1,1.0,0.0,0.0,0.0,0,0.0,0.0,0
2091,0,2.0,0.0,0.0,0.0,0,1.0,0.0,0
2095,1,1.0,0.0,0.0,0.0,1,0.0,1.0,0
2096,0,1.0,0.0,0.0,0.0,0,0.0,0.0,0
2098,0,4.0,0.0,0.0,2.0,2,0.0,0.0,0
2100,1,1.0,0.0,0.0,0.0,0,0.0,0.0,0
2102,1,1.0,0.0,0.0,0.0,0,0.0,0.0,0
2110,0,1.0,0.0,0.0,0.0,4,0.0,0.0,0
2111,0,1.0,0.0,0.0,0.0,0,0.0,0.0,0
2115,1,1.0,0.0,0.0,0.0,0,1.0,1.0,0
2116,1,0.0,0.0,0.0,0.0,2,0.0,1.0,0
2118,0,3.0,0.0,0.0,0.0,2,0.0,0.0,0
2119,0,1.0,0.0,0.0,0.0,2,0.0,1.0,0
2120,0,1.0,0.0,0.0,0.0,0,0.0,0.0,0
2121,1,0.0,0.0,0.0,0.0,0,0.0,0.0,0
2122,1,4.0,0.0,0.0,2.0,0,0.0,0.0,0
2123,1,1.0,0.0,0.0,0.0,0,0.0,0.0,0
2124,1,1.0,0.0,0.0,0.0,1,0.0,0.0,0
2125,0,3.0,0.0,0.0,0.0,0,0.0,0.0,0
2126,1,1.0,0.0,0.0,0.0,0,0.0,1.0,0
2127,1,1.0,0.0,0.0,0.0,2,0.0,1.0,0
2128,0,0.0,0.0,0.0,0.0,0,0.0,1.0,0
2129,1,1.0,0.0,0.0,0.0,2,0.0,0.0,0
2130,1,1.0,0.0,0.0,0.0,0,0.0,0.0,0
2131,1,1.0,0.0,0.0,17.0,0,0.0,0.0,0
2132,0,0.0,0.0,0.0,0.0,1,0.0,1.0,0
2134,1,1.0,0.0,0.0,0.0,0,0.0,0.0,0
2135,1,1.0,0.0,0.0,0.0,1,1.0,0.0,0
2136,0,1.0,0.0,0.0,5.0,1,0.0,0.0,0
2137,0,1.0,0.0,0.0,0.0,0,0.0,0.0,0
2138,1,5.0,0.0,0.0,9.0,1,0.0,0.0,0
2139,0,1.0,0.0,0.0,0.0,3,0.0,0.0,0
2140,0,1.0,0.0,0.0,0.0,0,0.0,0.0,0
2142,1,1.0,0.0,0.0,0.0,0,1.0,1.0,0
2143,0,1.0,0.0,0.0,0.0,0,0.0,1.0,0
2144,0,0.0,0.0,0.0,96.0,0,0.0,1.0,0
2145,0,1.0,0.0,0.0,0.0,1,0.0,0.0,0
2147,1,1.0,0.0,0.0,0.0,0,0.0,0.0,0
2148,0,1.0,0.0,0.0,0.0,0,0.0,0.0,0
2149,1,1.0,0.0,0.0,0.0,0,1.0,0.0,0
2153,0,1.0,0.0,0.0,0.0,0,0.0,0.0,0
2155,1,4.0,0.0,0.0,11.0,2,0.0,0.0,0
2156,0,2.0,0.0,0.0,0.0,0,0.0,0.0,0
2157,0,2.0,0.0,0.0,23.0,2,0.0,0.0,0
2161,1,8.0,0.0,0.0,18.0,2,0.0,0.0,0
2162,0,2.0,0.0,0.0,5.0,1,0.0,1.0,0
2164,1,1.0,0.0,0.0,0.0,2,0.0,0.0,0
2165,0,1.0,0.0,0.0,0.0,0,0.0,0.0,0
2166,1,4.0,0.0,0.0,0.0,1,0.0,0.0,0
2167,1,1.0,0.0,0.0,0.0,1,0.0,0.0,0
2170,0,0.0,0.0,0.0,0.0,0,0.0,1.0,0
2172,1,1.0,0.0,0.0,0.0,2,0.0,0.0,0
2175,1,1.0,0.0,0.0,0.0,2,0.0,0.0,0
2177,1,1.0,0.0,0.0,0.0,0,0.0,1.0,0
2179,1,1.0,0.0,0.0,0.0,0,0.0,1.0,0
2182,1,1.0,0.0,0.0,0.0,3,0.0,0.0,0
